freq_core,freq_noc,Xbar_size,N_tile,N_pe,N_tile(real),N_tier(chiplet),W2d,W3d,Computing_latency,Computing_energy,compute_area,chip_area,chip_Architecture,2d NoC latency,3d NoC latency,2.5d NoC latency,network_latency,2d NoC energy,3d NoC energy,2.5d NoC energy,network_energy,peak_temperature,placement_method,percent_router
1.0,1.0,256,144,16,144,32,242,3,31610493.763237912,959699742.5965995,223113043273.38718,75027.29476379743,M3D,28125151.0625,26570.73553719008,0,28151721.79803719,2348093863.052745,828511.9940882259,0.0,2348922375.046833,NA,1,1.0
1.0,1.0,256,144,16,144,32,338,3,31610493.763237912,959699742.5965995,223113043273.38718,75068.21833092948,H2_5D,28125151.0625,0,118331.1709046,28243482.2334046,2348093863.052745,0.0,2395643.2718489855,2350489506.324594,NA,1,1.0
1.0,1.0,256,400,16,400,32,242,2,31610493.763237912,959699742.5965995,413172302358.1244,208407.82740110625,M3D,29442960.125,16055.97520661157,0,29459016.10020661,4616520090.807252,836959.7586560453,0.0,4617357050.565908,NA,1,1.0
1.0,1.0,256,400,16,400,32,338,2,31610493.763237912,959699742.5965995,413172302358.1244,208022.34016932527,H2_5D,29442960.125,0,13460.550931950002,29456420.67593195,4616520090.807252,0.0,272512.1202553152,4616792602.927507,NA,1,1.0
freq_core,freq_noc,Xbar_size,N_tile,N_pe,N_tile(real),N_tier(chiplet),W2d,W3d,Computing_latency,Computing_energy,compute_area,chip_area,chip_Architecture,2d NoC latency,3d NoC latency,2.5d NoC latency,network_latency,2d NoC energy,3d NoC energy,2.5d NoC energy,network_energy,peak_temperature,placement_method,percent_router
1.0,1.0,256,144,16,144,32,338,3,31610493.763237912,959699742.5965995,223113043273.38718,75068.21833092948,H2_5D,28125151.0625,0,118331.1709046,28243482.2334046,2348093863.052745,0.0,2395643.2718489855,2350489506.324594,NA,1,1.0
1.0,1.0,256,400,16,400,32,338,2,31610493.763237912,959699742.5965995,413172302358.1244,208022.34016932527,H2_5D,29442960.125,0,13460.550931950002,29456420.67593195,4616520090.807252,0.0,272512.1202553152,4616792602.927507,NA,1,1.0
freq_core,freq_noc,Xbar_size,N_tile,N_pe,N_tile(real),N_tier(chiplet),W2d,W3d,Computing_latency,Computing_energy,compute_area,chip_area,chip_Architecture,2d NoC latency,3d NoC latency,2.5d NoC latency,network_latency,2d NoC energy,3d NoC energy,2.5d NoC energy,network_energy,peak_temperature,placement_method,percent_router
1.0,1.0,256,144,16,144,32,338,3,31610493.763237912,959699742.5965995,223113043273.38718,75068.21833092948,H2_5D,28125151.0625,0,118331.1709046,28243482.2334046,2348093863.052745,0.0,2395643.2718489855,2350489506.324594,NA,1,1.0
1.0,1.0,256,400,16,400,32,338,2,31610493.763237912,959699742.5965995,413172302358.1244,208022.34016932527,H2_5D,29442960.125,0,13460.550931950002,29456420.67593195,4616520090.807252,0.0,272512.1202553152,4616792602.927507,NA,1,1.0
freq_core,freq_noc,Xbar_size,N_tile,N_pe,N_tile(real),N_tier(chiplet),W2d,W3d,Computing_latency,Computing_energy,compute_area,chip_area,chip_Architecture,2d NoC latency,3d NoC latency,2.5d NoC latency,network_latency,2d NoC energy,3d NoC energy,2.5d NoC energy,network_energy,peak_temperature,placement_method,percent_router
1.0,1.0,256,144,16,144,32,338,3,31610493.763237912,959699742.5965995,223113043273.38718,75068.21833092948,H2_5D,28125151.0625,0,118331.1709046,28243482.2334046,2348093863.052745,0.0,2395643.2718489855,2350489506.324594,NA,1,1.0
1.0,1.0,256,400,16,400,32,338,2,31610493.763237912,959699742.5965995,413172302358.1244,208022.34016932527,H2_5D,29442960.125,0,13460.550931950002,29456420.67593195,4616520090.807252,0.0,272512.1202553152,4616792602.927507,NA,1,1.0
freq_core,freq_noc,Xbar_size,N_tile,N_pe,N_tile(real),N_tier(chiplet),W2d,W3d,Computing_latency,Computing_energy,compute_area,chip_area,chip_Architecture,2d NoC latency,3d NoC latency,2.5d NoC latency,network_latency,2d NoC energy,3d NoC energy,2.5d NoC energy,network_energy,peak_temperature,placement_method,percent_router
freq_core,freq_noc,Xbar_size,N_tile,N_pe,N_tile(real),N_tier(chiplet),W2d,W3d,Computing_latency,Computing_energy,compute_area,chip_area,chip_Architecture,2d NoC latency,3d NoC latency,2.5d NoC latency,network_latency,2d NoC energy,3d NoC energy,2.5d NoC energy,network_energy,peak_temperature,placement_method,percent_router
freq_core,freq_noc,Xbar_size,N_tile,N_pe,N_tile(real),N_tier(chiplet),W2d,W3d,Computing_latency,Computing_energy,compute_area,chip_area,chip_Architecture,2d NoC latency,3d NoC latency,2.5d NoC latency,network_latency,2d NoC energy,3d NoC energy,2.5d NoC energy,network_energy,peak_temperature,placement_method,percent_router
freq_core,freq_noc,Xbar_size,N_tile,N_pe,N_tile(real),N_tier(chiplet),W2d,W3d,Computing_latency,Computing_energy,compute_area,chip_area,chip_Architecture,2d NoC latency,3d NoC latency,2.5d NoC latency,network_latency,2d NoC energy,3d NoC energy,2.5d NoC energy,network_energy,peak_temperature,placement_method,percent_router
freq_core,freq_noc,Xbar_size,N_tile,N_pe,N_tile(real),N_tier(chiplet),W2d,W3d,Computing_latency,Computing_energy,compute_area,chip_area,chip_Architecture,2d NoC latency,3d NoC latency,2.5d NoC latency,network_latency,2d NoC energy,3d NoC energy,2.5d NoC energy,network_energy,peak_temperature,placement_method,percent_router
freq_core,freq_noc,Xbar_size,N_tile,N_pe,N_tile(real),N_tier(chiplet),W2d,W3d,Computing_latency,Computing_energy,compute_area,chip_area,chip_Architecture,2d NoC latency,3d NoC latency,2.5d NoC latency,network_latency,2d NoC energy,3d NoC energy,2.5d NoC energy,network_energy,peak_temperature,placement_method,percent_router
freq_core,freq_noc,Xbar_size,N_tile,N_pe,N_tile(real),N_tier(chiplet),W2d,W3d,Computing_latency,Computing_energy,compute_area,chip_area,chip_Architecture,2d NoC latency,3d NoC latency,2.5d NoC latency,network_latency,2d NoC energy,3d NoC energy,2.5d NoC energy,network_energy,peak_temperature,placement_method,percent_router
freq_core,freq_noc,Xbar_size,N_tile,N_pe,N_tile(real),N_tier(chiplet),W2d,W3d,Computing_latency,Computing_energy,compute_area,chip_area,chip_Architecture,2d NoC latency,3d NoC latency,2.5d NoC latency,network_latency,2d NoC energy,3d NoC energy,2.5d NoC energy,network_energy,peak_temperature,placement_method,percent_router
freq_core,freq_noc,Xbar_size,N_tile,N_pe,N_tile(real),N_tier(chiplet),W2d,W3d,Computing_latency,Computing_energy,compute_area,chip_area,chip_Architecture,2d NoC latency,3d NoC latency,2.5d NoC latency,network_latency,2d NoC energy,3d NoC energy,2.5d NoC energy,network_energy,peak_temperature,placement_method,percent_router
freq_core,freq_noc,Xbar_size,N_tile,N_pe,N_tile(real),N_tier(chiplet),W2d,W3d,Computing_latency,Computing_energy,compute_area,chip_area,chip_Architecture,2d NoC latency,3d NoC latency,2.5d NoC latency,network_latency,2d NoC energy,3d NoC energy,2.5d NoC energy,network_energy,peak_temperature,placement_method,percent_router
freq_core,freq_noc,Xbar_size,N_tile,N_pe,N_tile(real),N_tier(chiplet),W2d,W3d,Computing_latency,Computing_energy,compute_area,chip_area,chip_Architecture,2d NoC latency,3d NoC latency,2.5d NoC latency,network_latency,2d NoC energy,3d NoC energy,2.5d NoC energy,network_energy,peak_temperature,placement_method,percent_router
freq_core,freq_noc,Xbar_size,N_tile,N_pe,N_tile(real),N_tier(chiplet),W2d,W3d,Computing_latency,Computing_energy,compute_area,chip_area,chip_Architecture,2d NoC latency,3d NoC latency,2.5d NoC latency,network_latency,2d NoC energy,3d NoC energy,2.5d NoC energy,network_energy,peak_temperature,placement_method,percent_router
freq_core,freq_noc,Xbar_size,N_tile,N_pe,N_tile(real),N_tier(chiplet),W2d,W3d,Computing_latency,Computing_energy,compute_area,chip_area,chip_Architecture,2d NoC latency,3d NoC latency,2.5d NoC latency,network_latency,2d NoC energy,3d NoC energy,2.5d NoC energy,network_energy,peak_temperature,placement_method,percent_router
freq_core,freq_noc,Xbar_size,N_tile,N_pe,N_tile(real),N_tier(chiplet),W2d,W3d,Computing_latency,Computing_energy,compute_area,chip_area,chip_Architecture,2d NoC latency,3d NoC latency,2.5d NoC latency,network_latency,2d NoC energy,3d NoC energy,2.5d NoC energy,network_energy,peak_temperature,placement_method,percent_router
freq_core,freq_noc,Xbar_size,N_tile,N_pe,N_tile(real),N_tier(chiplet),W2d,W3d,Computing_latency,Computing_energy,compute_area,chip_area,chip_Architecture,2d NoC latency,3d NoC latency,2.5d NoC latency,network_latency,2d NoC energy,3d NoC energy,2.5d NoC energy,network_energy,peak_temperature,placement_method,percent_router
freq_core,freq_noc,Xbar_size,N_tile,N_pe,N_tile(real),N_tier(chiplet),W2d,W3d,Computing_latency,Computing_energy,compute_area,chip_area,chip_Architecture,2d NoC latency,3d NoC latency,2.5d NoC latency,network_latency,2d NoC energy,3d NoC energy,2.5d NoC energy,network_energy,peak_temperature,placement_method,percent_router
freq_core,freq_noc,Xbar_size,N_tile,N_pe,N_tile(real),N_tier(chiplet),W2d,W3d,Computing_latency,Computing_energy,compute_area,chip_area,chip_Architecture,2d NoC latency,3d NoC latency,2.5d NoC latency,network_latency,2d NoC energy,3d NoC energy,2.5d NoC energy,network_energy,peak_temperature,placement_method,percent_router
freq_core,freq_noc,Xbar_size,N_tile,N_pe,N_tile(real),N_tier(chiplet),W2d,W3d,Computing_latency,Computing_energy,compute_area,chip_area,chip_Architecture,2d NoC latency,3d NoC latency,2.5d NoC latency,network_latency,2d NoC energy,3d NoC energy,2.5d NoC energy,network_energy,peak_temperature,placement_method,percent_router
freq_core,freq_noc,Xbar_size,N_tile,N_pe,N_tile(real),N_tier(chiplet),W2d,W3d,Computing_latency,Computing_energy,compute_area,chip_area,chip_Architecture,2d NoC latency,3d NoC latency,2.5d NoC latency,network_latency,2d NoC energy,3d NoC energy,2.5d NoC energy,network_energy,peak_temperature,placement_method,percent_router
freq_core,freq_noc,Xbar_size,N_tile,N_pe,N_tile(real),N_tier(chiplet),W2d,W3d,Computing_latency,Computing_energy,compute_area,chip_area,chip_Architecture,2d NoC latency,3d NoC latency,2.5d NoC latency,network_latency,2d NoC energy,3d NoC energy,2.5d NoC energy,network_energy,peak_temperature,placement_method,percent_router
freq_core,freq_noc,Xbar_size,N_tile,N_pe,N_tile(real),N_tier(chiplet),W2d,W3d,Computing_latency,Computing_energy,compute_area,chip_area,chip_Architecture,2d NoC latency,3d NoC latency,2.5d NoC latency,network_latency,2d NoC energy,3d NoC energy,2.5d NoC energy,network_energy,peak_temperature,placement_method,percent_router
freq_core,freq_noc,Xbar_size,N_tile,N_pe,N_tile(real),N_tier(chiplet),W2d,W3d,Computing_latency,Computing_energy,compute_area,chip_area,chip_Architecture,2d NoC latency,3d NoC latency,2.5d NoC latency,network_latency,2d NoC energy,3d NoC energy,2.5d NoC energy,network_energy,peak_temperature,placement_method,percent_router
freq_core,freq_noc,Xbar_size,N_tile,N_pe,N_tile(real),N_tier(chiplet),W2d,W3d,Computing_latency,Computing_energy,compute_area,chip_area,chip_Architecture,2d NoC latency,3d NoC latency,2.5d NoC latency,network_latency,2d NoC energy,3d NoC energy,2.5d NoC energy,network_energy,peak_temperature,placement_method,percent_router
freq_core,freq_noc,Xbar_size,N_tile,N_pe,N_tile(real),N_tier(chiplet),W2d,W3d,Computing_latency,Computing_energy,compute_area,chip_area,chip_Architecture,2d NoC latency,3d NoC latency,2.5d NoC latency,network_latency,2d NoC energy,3d NoC energy,2.5d NoC energy,network_energy,peak_temperature,placement_method,percent_router
freq_core,freq_noc,Xbar_size,N_tile,N_pe,N_tile(real),N_tier(chiplet),W2d,W3d,Computing_latency,Computing_energy,compute_area,chip_area,chip_Architecture,2d NoC latency,3d NoC latency,2.5d NoC latency,network_latency,2d NoC energy,3d NoC energy,2.5d NoC energy,network_energy,peak_temperature,placement_method,percent_router
freq_core,freq_noc,Xbar_size,N_tile,N_pe,N_tile(real),N_tier(chiplet),W2d,W3d,Computing_latency,Computing_energy,compute_area,chip_area,chip_Architecture,2d NoC latency,3d NoC latency,2.5d NoC latency,network_latency,2d NoC energy,3d NoC energy,2.5d NoC energy,network_energy,peak_temperature,placement_method,percent_router
freq_core,freq_noc,Xbar_size,N_tile,N_pe,N_tile(real),N_tier(chiplet),W2d,W3d,Computing_latency,Computing_energy,compute_area,chip_area,chip_Architecture,2d NoC latency,3d NoC latency,2.5d NoC latency,network_latency,2d NoC energy,3d NoC energy,2.5d NoC energy,network_energy,peak_temperature,placement_method,percent_router
freq_core,freq_noc,Xbar_size,N_tile,N_pe,N_tile(real),N_tier(chiplet),W2d,W3d,Computing_latency,Computing_energy,compute_area,chip_area,chip_Architecture,2d NoC latency,3d NoC latency,2.5d NoC latency,network_latency,2d NoC energy,3d NoC energy,2.5d NoC energy,network_energy,peak_temperature,placement_method,percent_router
1.0,1.0,512,81,36,81,32,338,3,17124927.94797952,4363955523.114569,80649264958.92264,27238.14824880319,H2_5D,17024827.0,0,18099.497863300003,17042926.4978633,782411418.4554778,0.0,497372.5362791808,782908790.991757,298.491933378389,1,1.0
freq_core,freq_noc,Xbar_size,N_tile,N_pe,N_tile(real),N_tier(chiplet),W2d,W3d,Computing_latency,Computing_energy,compute_area,chip_area,chip_Architecture,2d NoC latency,3d NoC latency,2.5d NoC latency,network_latency,2d NoC energy,3d NoC energy,2.5d NoC energy,network_energy,peak_temperature,placement_method,percent_router
freq_core,freq_noc,Xbar_size,N_tile,N_pe,N_tile(real),N_tier(chiplet),W2d,W3d,Computing_latency,Computing_energy,compute_area,chip_area,chip_Architecture,2d NoC latency,3d NoC latency,2.5d NoC latency,network_latency,2d NoC energy,3d NoC energy,2.5d NoC energy,network_energy,peak_temperature,placement_method,percent_router
freq_core,freq_noc,Xbar_size,N_tile,N_pe,N_tile(real),N_tier(chiplet),W2d,W3d,Computing_latency,Computing_energy,compute_area,chip_area,chip_Architecture,2d NoC latency,3d NoC latency,2.5d NoC latency,network_latency,2d NoC energy,3d NoC energy,2.5d NoC energy,network_energy,peak_temperature,placement_method,percent_router
freq_core,freq_noc,Xbar_size,N_tile,N_pe,N_tile(real),N_tier(chiplet),W2d,W3d,Computing_latency,Computing_energy,compute_area,chip_area,chip_Architecture,2d NoC latency,3d NoC latency,2.5d NoC latency,network_latency,2d NoC energy,3d NoC energy,2.5d NoC energy,network_energy,peak_temperature,placement_method,percent_router
1.0,1.0,512,81,36,81,32,338,3,17124927.94797952,4363955523.114569,80649264958.92264,27238.14824880319,H2_5D,17024827.0,0,18099.497863300003,17042926.4978633,782411418.4554778,0.0,497372.5362791808,782908790.991757,298.5209612254401,1,1.0
freq_core,freq_noc,Xbar_size,N_tile,N_pe,N_tile(real),N_tier(chiplet),W2d,W3d,Computing_latency,Computing_energy,compute_area,chip_area,chip_Architecture,2d NoC latency,3d NoC latency,2.5d NoC latency,network_latency,2d NoC energy,3d NoC energy,2.5d NoC energy,network_energy,peak_temperature,placement_method,percent_router
freq_core,freq_noc,Xbar_size,N_tile,N_pe,N_tile(real),N_tier(chiplet),W2d,W3d,Computing_latency,Computing_energy,compute_area,chip_area,chip_Architecture,2d NoC latency,3d NoC latency,2.5d NoC latency,network_latency,2d NoC energy,3d NoC energy,2.5d NoC energy,network_energy,peak_temperature,placement_method,percent_router
freq_core,freq_noc,Xbar_size,N_tile,N_pe,N_tile(real),N_tier(chiplet),W2d,W3d,Computing_latency,Computing_energy,compute_area,chip_area,chip_Architecture,2d NoC latency,3d NoC latency,2.5d NoC latency,network_latency,2d NoC energy,3d NoC energy,2.5d NoC energy,network_energy,peak_temperature,placement_method,percent_router
freq_core,freq_noc,Xbar_size,N_tile,N_pe,N_tile(real),N_tier(chiplet),W2d,W3d,Computing_latency,Computing_energy,compute_area,chip_area,chip_Architecture,2d NoC latency,3d NoC latency,2.5d NoC latency,network_latency,2d NoC energy,3d NoC energy,2.5d NoC energy,network_energy,peak_temperature,placement_method,percent_router
freq_core,freq_noc,Xbar_size,N_tile,N_pe,N_tile(real),N_tier(chiplet),W2d,W3d,Computing_latency,Computing_energy,compute_area,chip_area,chip_Architecture,2d NoC latency,3d NoC latency,2.5d NoC latency,network_latency,2d NoC energy,3d NoC energy,2.5d NoC energy,network_energy,peak_temperature,placement_method,percent_router
freq_core,freq_noc,Xbar_size,N_tile,N_pe,N_tile(real),N_tier(chiplet),W2d,W3d,Computing_latency,Computing_energy,compute_area,chip_area,chip_Architecture,2d NoC latency,3d NoC latency,2.5d NoC latency,network_latency,2d NoC energy,3d NoC energy,2.5d NoC energy,network_energy,peak_temperature,placement_method,percent_router
freq_core,freq_noc,Xbar_size,N_tile,N_pe,N_tile(real),N_tier(chiplet),W2d,W3d,Computing_latency,Computing_energy,compute_area,chip_area,chip_Architecture,2d NoC latency,3d NoC latency,2.5d NoC latency,network_latency,2d NoC energy,3d NoC energy,2.5d NoC energy,network_energy,peak_temperature,placement_method,percent_router
freq_core,freq_noc,Xbar_size,N_tile,N_pe,N_tile(real),N_tier(chiplet),W2d,W3d,Computing_latency,Computing_energy,compute_area,chip_area,chip_Architecture,2d NoC latency,3d NoC latency,2.5d NoC latency,network_latency,2d NoC energy,3d NoC energy,2.5d NoC energy,network_energy,peak_temperature,placement_method,percent_router
freq_core,freq_noc,Xbar_size,N_tile,N_pe,N_tile(real),N_tier(chiplet),W2d,W3d,Computing_latency,Computing_energy,compute_area,chip_area,chip_Architecture,2d NoC latency,3d NoC latency,2.5d NoC latency,network_latency,2d NoC energy,3d NoC energy,2.5d NoC energy,network_energy,peak_temperature,placement_method,percent_router
freq_core,freq_noc,Xbar_size,N_tile,N_pe,N_tile(real),N_tier(chiplet),W2d,W3d,Computing_latency,Computing_energy,compute_area,chip_area,chip_Architecture,2d NoC latency,3d NoC latency,2.5d NoC latency,network_latency,2d NoC energy,3d NoC energy,2.5d NoC energy,network_energy,peak_temperature,placement_method,percent_router
freq_core,freq_noc,Xbar_size,N_tile,N_pe,N_tile(real),N_tier(chiplet),W2d,W3d,Computing_latency,Computing_energy,compute_area,chip_area,chip_Architecture,2d NoC latency,3d NoC latency,2.5d NoC latency,network_latency,2d NoC energy,3d NoC energy,2.5d NoC energy,network_energy,peak_temperature,placement_method,percent_router
1.0,1.0,512,81,25,81,32,338,3,17124927.94797952,4363955523.114569,56006433999.25184,18966.242081570537,H2_5D,18774323.5625,0,23194.734656750003,18797518.29715675,861204363.0301878,0.0,637389.1746434879,861841752.2048314,298.6197726961971,1,1.0
freq_core,freq_noc,Xbar_size,N_tile,N_pe,N_tile(real),N_tier(chiplet),W2d,W3d,Computing_latency,Computing_energy,compute_area,chip_area,chip_Architecture,2d NoC latency,3d NoC latency,2.5d NoC latency,network_latency,2d NoC energy,3d NoC energy,2.5d NoC energy,network_energy,peak_temperature,placement_method,percent_router
1.0,1.0,512,81,25,81,32,338,3,17124927.94797952,4363955523.114569,56006433999.25184,18966.242081570537,H2_5D,18774323.5625,0,23194.734656750003,18797518.29715675,861204363.0301878,0.0,637389.1746434879,861841752.2048314,298.61977734785995,1,1.0
freq_core,freq_noc,Xbar_size,N_tile,N_pe,N_tile(real),N_tier(chiplet),W2d,W3d,Computing_latency,Computing_energy,compute_area,chip_area,chip_Architecture,2d NoC latency,3d NoC latency,2.5d NoC latency,network_latency,2d NoC energy,3d NoC energy,2.5d NoC energy,network_energy,peak_temperature,placement_method,percent_router
1.0,1.0,1024,81,36,81,32,338,2,20660378.504738264,39145755609.2092,7841831847.841543,4029.095653766913,H2_5D,13732692.875,0,16958.773208050003,13749651.64820805,415218753.43515116,0.0,466025.52769015677,415684778.96284133,330.9718248616451,1,1.0
1.0,1.0,1024,81,49,81,32,338,2,20660378.504738264,39145755609.2092,10673604459.5621,5462.209039068035,H2_5D,13397564.0,0,4410.8020003,13401974.8020003,404983438.66855824,0.0,121208.43321089279,405104647.10176915,323.1218927520957,1,1.0
1.0,1.0,1024,81,64,81,32,338,2,20660378.504738264,39145755609.2092,13941034396.162743,7113.1510868092,H2_5D,13099947.75,0,17947.4012426,13117895.1512426,396098251.8647936,0.0,493192.9351339775,396591444.7999276,317.9310481365776,1,1.0
1.0,1.0,1024,81,36,81,32,338,2,20660378.504738264,39145755609.2092,7841831847.841543,4029.095653766913,H2_5D,13732692.875,0,16958.773208050003,13749651.64820805,415218753.43515116,0.0,466025.52769015677,415684778.96284133,330.9718248616451,1,1.0
1.0,1.0,1024,81,49,81,32,338,2,20660378.504738264,39145755609.2092,10673604459.5621,5462.209039068035,H2_5D,13397564.0,0,4410.8020003,13401974.8020003,404983438.66855824,0.0,121208.43321089279,405104647.10176915,323.1218927520957,1,1.0
1.0,1.0,1024,81,64,81,32,338,2,20660378.504738264,39145755609.2092,13941034396.162743,7113.1510868092,H2_5D,13099947.75,0,17947.4012426,13117895.1512426,396098251.8647936,0.0,493192.9351339775,396591444.7999276,317.9310481365776,1,1.0
1.0,1.0,1024,81,36,81,32,338,2,20660378.504738264,39145755609.2092,7841831847.841543,4029.095653766913,H2_5D,13732692.875,0,16958.773208050003,13749651.64820805,415218753.43515116,0.0,466025.52769015677,415684778.96284133,330.9718248616451,1,1.0
1.0,1.0,1024,81,49,81,32,338,2,20660378.504738264,39145755609.2092,10673604459.5621,5462.209039068035,H2_5D,13397564.0,0,4410.8020003,13401974.8020003,404983438.66855824,0.0,121208.43321089279,405104647.10176915,323.1218927520957,1,1.0
1.0,1.0,1024,81,64,81,32,338,2,20660378.504738264,39145755609.2092,13941034396.162743,7113.1510868092,H2_5D,13099947.75,0,17947.4012426,13117895.1512426,396098251.8647936,0.0,493192.9351339775,396591444.7999276,317.9310481365776,1,1.0
freq_core,freq_noc,Xbar_size,N_tile,N_pe,N_tile(real),N_tier(chiplet),W2d,W3d,Computing_latency,Computing_energy,compute_area,chip_area,chip_Architecture,2d NoC latency,3d NoC latency,2.5d NoC latency,network_latency,2d NoC energy,3d NoC energy,2.5d NoC energy,network_energy,peak_temperature,placement_method,percent_router
freq_core,freq_noc,Xbar_size,N_tile,N_pe,N_tile(real),N_tier(chiplet),W2d,W3d,Computing_latency,Computing_energy,compute_area,chip_area,chip_Architecture,2d NoC latency,3d NoC latency,2.5d NoC latency,network_latency,2d NoC energy,3d NoC energy,2.5d NoC energy,network_energy,peak_temperature,placement_method,percent_router
1.0,1.0,1024,169,36,169,32,338,1,20660378.504738264,39145755609.2092,8180676433.859387,8334.40621296857,M3D,13937694.5625,0.0,0,13937694.5625,434414141.8521171,0.0,0.0,434414141.8521171,340.66,1,1.0
1.0,1.0,1024,169,36,169,32,338,1,20660378.504738264,39145755609.2092,8180676433.859387,8334.40621296857,M3D,13937694.5625,0.0,0,13937694.5625,434414141.8521171,0.0,0.0,434414141.8521171,340.66,1,1.0
1.0,1.0,1024,169,36,169,32,338,1,20660378.504738264,39145755609.2092,8180676433.859387,8334.40621296857,M3D,13937694.5625,0.0,0,13937694.5625,434414141.8521171,0.0,0.0,434414141.8521171,340.66,1,1.0
freq_core,freq_noc,Xbar_size,N_tile,N_pe,N_tile(real),N_tier(chiplet),W2d,W3d,Computing_latency,Computing_energy,compute_area,chip_area,chip_Architecture,2d NoC latency,3d NoC latency,2.5d NoC latency,network_latency,2d NoC energy,3d NoC energy,2.5d NoC energy,network_energy,peak_temperature,placement_method,percent_router
freq_core,freq_noc,Xbar_size,N_tile,N_pe,N_tile(real),N_tier(chiplet),W2d,W3d,Computing_latency,Computing_energy,compute_area,chip_area,chip_Architecture,2d NoC latency,3d NoC latency,2.5d NoC latency,network_latency,2d NoC energy,3d NoC energy,2.5d NoC energy,network_energy,peak_temperature,placement_method,percent_router
freq_core,freq_noc,Xbar_size,N_tile,N_pe,N_tile(real),N_tier(chiplet),W2d,W3d,Computing_latency,Computing_energy,compute_area,chip_area,chip_Architecture,2d NoC latency,3d NoC latency,2.5d NoC latency,network_latency,2d NoC energy,3d NoC energy,2.5d NoC energy,network_energy,peak_temperature,placement_method,percent_router
freq_core,freq_noc,Xbar_size,N_tile,N_pe,N_tile(real),N_tier(chiplet),W2d,W3d,Computing_latency,Computing_energy,compute_area,chip_area,chip_Architecture,2d NoC latency,3d NoC latency,2.5d NoC latency,network_latency,2d NoC energy,3d NoC energy,2.5d NoC energy,network_energy,peak_temperature,placement_method,percent_router
1.0,1.0,1024,81,36,81,32,338,2,20660378.504738264,39145755609.2092,7841831847.841543,4029.095653766913,H2_5D,13732692.875,0,16958.773208050003,13749651.64820805,415218753.43515116,0.0,466025.52769015677,415684778.96284133,"[[[324.76410236 324.76410236 324.95841007 ... 318.96377125 318.96377125
   318.95744471]
  [324.76410236 324.76410236 324.95841007 ... 318.96377125 318.96377125
   318.95744471]
  [324.80152759 324.80152759 325.05165589 ... 318.95088086 318.95088086
   319.15144764]
  ...
  [327.92085477 327.92085477 327.43325014 ... 319.40819904 319.40819904
   319.39880116]
  [327.92085477 327.92085477 327.43325014 ... 319.40819904 319.40819904
   319.39880116]
  [327.92661695 327.92661695 327.24560813 ... 319.4096285  319.4096285
   319.6174422 ]]

 [[324.76404119 324.76404119 324.95834726 ... 318.96375842 318.96375842
   318.9574322 ]
  [324.76404119 324.76404119 324.95834726 ... 318.96375842 318.96375842
   318.9574322 ]
  [324.80146664 324.80146664 325.05155365 ... 318.95086866 318.95086866
   319.15127813]
  ...
  [327.92072418 327.92072418 327.43308224 ... 319.40818691 319.40818691
   319.39878936]
  [327.92072418 327.92072418 327.43308224 ... 319.40818691 319.40818691
   319.39878936]
  [327.92648648 327.92648648 327.2455835  ... 319.40961675 319.40961675
   319.61730198]]]",1,1.0
1.0,1.0,1024,81,36,81,32,338,2,20660378.504738264,39145755609.2092,7841831847.841543,4029.095653766913,H2_5D,13732692.875,0,16958.773208050003,13749651.64820805,415218753.43515116,0.0,466025.52769015677,415684778.96284133,"[[[324.76410236 324.76410236 324.95841007 ... 318.96377125 318.96377125
   318.95744471]
  [324.76410236 324.76410236 324.95841007 ... 318.96377125 318.96377125
   318.95744471]
  [324.80152759 324.80152759 325.05165589 ... 318.95088086 318.95088086
   319.15144764]
  ...
  [327.92085477 327.92085477 327.43325014 ... 319.40819904 319.40819904
   319.39880116]
  [327.92085477 327.92085477 327.43325014 ... 319.40819904 319.40819904
   319.39880116]
  [327.92661695 327.92661695 327.24560813 ... 319.4096285  319.4096285
   319.6174422 ]]

 [[324.76404119 324.76404119 324.95834726 ... 318.96375842 318.96375842
   318.9574322 ]
  [324.76404119 324.76404119 324.95834726 ... 318.96375842 318.96375842
   318.9574322 ]
  [324.80146664 324.80146664 325.05155365 ... 318.95086866 318.95086866
   319.15127813]
  ...
  [327.92072418 327.92072418 327.43308224 ... 319.40818691 319.40818691
   319.39878936]
  [327.92072418 327.92072418 327.43308224 ... 319.40818691 319.40818691
   319.39878936]
  [327.92648648 327.92648648 327.2455835  ... 319.40961675 319.40961675
   319.61730198]]]",1,1.0
freq_core,freq_noc,Xbar_size,N_tile,N_pe,N_tile(real),N_tier(chiplet),W2d,W3d,Computing_latency,Computing_energy,compute_area,chip_area,chip_Architecture,2d NoC latency,3d NoC latency,2.5d NoC latency,network_latency,2d NoC energy,3d NoC energy,2.5d NoC energy,network_energy,peak_temperature,placement_method,percent_router
1.0,1.0,1024,81,36,81,32,338,2,20660378.504738264,39145755609.2092,7841831847.841543,4029.095653766913,H2_5D,13732692.875,0,16958.773208050003,13749651.64820805,415218753.43515116,0.0,466025.52769015677,415684778.96284133,[],1,1.0
freq_core,freq_noc,Xbar_size,N_tile,N_pe,N_tile(real),N_tier(chiplet),W2d,W3d,Computing_latency,Computing_energy,compute_area,chip_area,chip_Architecture,2d NoC latency,3d NoC latency,2.5d NoC latency,network_latency,2d NoC energy,3d NoC energy,2.5d NoC energy,network_energy,peak_temperature,placement_method,percent_router
1.0,1.0,1024,81,36,81,32,338,2,20660378.504738264,39145755609.2092,7841831847.841543,4029.095653766913,H2_5D,13732692.875,0,16958.773208050003,13749651.64820805,415218753.43515116,0.0,466025.52769015677,415684778.96284133,[],1,1.0
1.0,1.0,1024,81,36,81,32,338,2,20660378.504738264,39145755609.2092,7841831847.841543,4029.095653766913,H2_5D,13732692.875,0,16958.773208050003,13749651.64820805,415218753.43515116,0.0,466025.52769015677,415684778.96284133,[],1,1.0
freq_core,freq_noc,Xbar_size,N_tile,N_pe,N_tile(real),N_tier(chiplet),W2d,W3d,Computing_latency,Computing_energy,compute_area,chip_area,chip_Architecture,2d NoC latency,3d NoC latency,2.5d NoC latency,network_latency,2d NoC energy,3d NoC energy,2.5d NoC energy,network_energy,peak_temperature,placement_method,percent_router
1.0,1.0,1024,81,36,81,32,338,2,20660378.504738264,39145755609.2092,7841831847.841543,4029.095653766913,H2_5D,13732692.875,0,16958.773208050003,13749651.64820805,415218753.43515116,0.0,466025.52769015677,415684778.96284133,[],1,1.0
freq_core,freq_noc,Xbar_size,N_tile,N_pe,N_tile(real),N_tier(chiplet),W2d,W3d,Computing_latency,Computing_energy,compute_area,chip_area,chip_Architecture,2d NoC latency,3d NoC latency,2.5d NoC latency,network_latency,2d NoC energy,3d NoC energy,2.5d NoC energy,network_energy,peak_temperature,placement_method,percent_router
freq_core,freq_noc,Xbar_size,N_tile,N_pe,N_tile(real),N_tier(chiplet),W2d,W3d,Computing_latency,Computing_energy,compute_area,chip_area,chip_Architecture,2d NoC latency,3d NoC latency,2.5d NoC latency,network_latency,2d NoC energy,3d NoC energy,2.5d NoC energy,network_energy,peak_temperature,placement_method,percent_router
1.0,1.0,1024,81,36,81,32,338,2,20660378.504738264,39145755609.2092,7841831847.841543,4029.095653766913,H2_5D,13732692.875,0,16958.773208050003,13749651.64820805,415218753.43515116,0.0,466025.52769015677,415684778.96284133,[],1,1.0
1.0,1.0,1024,81,36,81,32,338,2,20660378.504738264,39145755609.2092,7841831847.841543,4029.095653766913,H2_5D,13732692.875,0,16958.773208050003,13749651.64820805,415218753.43515116,0.0,466025.52769015677,415684778.96284133,[],1,1.0
freq_core,freq_noc,Xbar_size,N_tile,N_pe,N_tile(real),N_tier(chiplet),W2d,W3d,Computing_latency,Computing_energy,compute_area,chip_area,chip_Architecture,2d NoC latency,3d NoC latency,2.5d NoC latency,network_latency,2d NoC energy,3d NoC energy,2.5d NoC energy,network_energy,peak_temperature,placement_method,percent_router
1.0,1.0,1024,81,36,81,32,338,2,20660378.504738264,39145755609.2092,7841831847.841543,4029.095653766913,H2_5D,13732692.875,0,16958.773208050003,13749651.64820805,415218753.43515116,0.0,466025.52769015677,415684778.96284133,[],1,1.0
freq_core,freq_noc,Xbar_size,N_tile,N_pe,N_tile(real),N_tier(chiplet),W2d,W3d,Computing_latency,Computing_energy,compute_area,chip_area,chip_Architecture,2d NoC latency,3d NoC latency,2.5d NoC latency,network_latency,2d NoC energy,3d NoC energy,2.5d NoC energy,network_energy,peak_temperature,placement_method,percent_router
freq_core,freq_noc,Xbar_size,N_tile,N_pe,N_tile(real),N_tier(chiplet),W2d,W3d,Computing_latency,Computing_energy,compute_area,chip_area,chip_Architecture,2d NoC latency,3d NoC latency,2.5d NoC latency,network_latency,2d NoC energy,3d NoC energy,2.5d NoC energy,network_energy,peak_temperature,placement_method,percent_router
freq_core,freq_noc,Xbar_size,N_tile,N_pe,N_tile(real),N_tier(chiplet),W2d,W3d,Computing_latency,Computing_energy,compute_area,chip_area,chip_Architecture,2d NoC latency,3d NoC latency,2.5d NoC latency,network_latency,2d NoC energy,3d NoC energy,2.5d NoC energy,network_energy,peak_temperature,placement_method,percent_router
1.0,1.0,1024,81,36,81,32,338,2,20660378.504738264,39145755609.2092,7841831847.841543,4029.095653766913,H2_5D,13732692.875,0,16958.773208050003,13749651.64820805,415218753.43515116,0.0,466025.52769015677,415684778.96284133,"[[[324.74672819 324.74672819 324.84164038 ... 318.92447949 318.92138759
   318.92135363]
  [324.74672819 324.74672819 324.84164038 ... 318.92447949 318.92138759
   318.92135363]
  [324.76463139 324.76463139 324.86190645 ... 318.92011632 318.91733796
   318.9173074 ]
  ...
  [327.99186632 327.99186632 327.80023802 ... 319.36089452 319.35678228
   319.35673707]
  [327.99430755 327.99430755 327.80150018 ... 319.36176332 319.55734717
   319.5581629 ]
  [327.99433437 327.99433437 327.80151408 ... 319.36177283 319.55821762
   319.55903914]]

 [[324.74666701 324.74666701 324.8415792  ... 318.9244666  318.92137471
   318.92134074]
  [324.74666701 324.74666701 324.8415792  ... 318.9244666  318.92137471
   318.92134074]
  [324.76457022 324.76457022 324.86184529 ... 318.92010343 318.91732633
   318.91729578]
  ...
  [327.99173649 327.99173649 327.80010729 ... 319.36088194 319.35677096
   319.35672576]
  [327.99417773 327.99417773 327.8013683  ... 319.361752   319.55707808
   319.55796512]
  [327.99420454 327.99420454 327.80138219 ... 319.36176152 319.55801984
   319.55891312]]]",1,1.0
freq_core,freq_noc,Xbar_size,N_tile,N_pe,N_tile(real),N_tier(chiplet),W2d,W3d,Computing_latency,Computing_energy,compute_area,chip_area,chip_Architecture,2d NoC latency,3d NoC latency,2.5d NoC latency,network_latency,2d NoC energy,3d NoC energy,2.5d NoC energy,network_energy,peak_temperature,placement_method,percent_router
freq_core,freq_noc,Xbar_size,N_tile,N_pe,N_tile(real),N_tier(chiplet),W2d,W3d,Computing_latency,Computing_energy,compute_area,chip_area,chip_Architecture,2d NoC latency,3d NoC latency,2.5d NoC latency,network_latency,2d NoC energy,3d NoC energy,2.5d NoC energy,network_energy,peak_temperature,placement_method,percent_router
freq_core,freq_noc,Xbar_size,N_tile,N_pe,N_tile(real),N_tier(chiplet),W2d,W3d,Computing_latency,Computing_energy,compute_area,chip_area,chip_Architecture,2d NoC latency,3d NoC latency,2.5d NoC latency,network_latency,2d NoC energy,3d NoC energy,2.5d NoC energy,network_energy,peak_temperature,placement_method,percent_router
freq_core,freq_noc,Xbar_size,N_tile,N_pe,N_tile(real),N_tier(chiplet),W2d,W3d,Computing_latency,Computing_energy,compute_area,chip_area,chip_Architecture,2d NoC latency,3d NoC latency,2.5d NoC latency,network_latency,2d NoC energy,3d NoC energy,2.5d NoC energy,network_energy,peak_temperature,placement_method,percent_router
freq_core,freq_noc,Xbar_size,N_tile,N_pe,N_tile(real),N_tier(chiplet),W2d,W3d,Computing_latency,Computing_energy,compute_area,chip_area,chip_Architecture,2d NoC latency,3d NoC latency,2.5d NoC latency,network_latency,2d NoC energy,3d NoC energy,2.5d NoC energy,network_energy,peak_temperature,placement_method,percent_router
freq_core,freq_noc,Xbar_size,N_tile,N_pe,N_tile(real),N_tier(chiplet),W2d,W3d,Computing_latency,Computing_energy,compute_area,chip_area,chip_Architecture,2d NoC latency,3d NoC latency,2.5d NoC latency,network_latency,2d NoC energy,3d NoC energy,2.5d NoC energy,network_energy,peak_temperature,placement_method,percent_router
1.0,1.0,1024,169,36,169,32,338,1,20660378.504738264,39145755609.2092,8180676433.859387,8334.40621296857,H2_5D,13937694.5625,0.0,0,13937694.5625,434414141.8521171,0.0,0.0,434414141.8521171,"[[[325.97657209 325.97657209 326.93088771 ... 318.77975915 318.77975915
   318.77432199]
  [325.97657209 325.97657209 326.93088771 ... 318.77975915 318.77975915
   318.77432199]
  [325.84048316 325.84048316 326.56582971 ... 318.80154616 318.80154616
   319.01135361]
  ...
  [328.54068673 328.54068673 327.84178946 ... 319.67033475 319.67033475
   319.66100267]
  [328.54068673 328.54068673 327.84178946 ... 319.67033475 319.67033475
   319.66100267]
  [328.550551   328.550551   327.56460832 ... 319.67107496 319.67107496
   319.8882089 ]]

 [[325.97651247 325.97651247 326.93088429 ... 318.7797465  318.7797465
   318.77430967]
  [325.97651247 325.97651247 326.93088429 ... 318.7797465  318.7797465
   318.77430967]
  [325.84042348 325.84042348 326.56577402 ... 318.8015342  318.8015342
   319.0111743 ]
  ...
  [328.54052488 328.54052488 327.8415811  ... 319.67032298 319.67032298
   319.66099127]
  [328.54052488 328.54052488 327.8415811  ... 319.67032298 319.67032298
   319.66099127]
  [328.55038931 328.55038931 327.56462038 ... 319.67106359 319.67106359
   319.88806126]]]",1,1.0
freq_core,freq_noc,Xbar_size,N_tile,N_pe,N_tile(real),N_tier(chiplet),W2d,W3d,Computing_latency,Computing_energy,compute_area,chip_area,chip_Architecture,2d NoC latency,3d NoC latency,2.5d NoC latency,network_latency,2d NoC energy,3d NoC energy,2.5d NoC energy,network_energy,peak_temperature,placement_method,percent_router
1.0,1.0,1024,144,36,144,32,338,2,20660378.504738264,39145755609.2092,13941034396.162745,7147.561188735994,H2_5D,13905030.3125,0,3878.4638278500006,13908908.77632785,764774614.4098623,0.0,106579.82920268159,764881194.2390649,"[[[322.95653382 322.95653382 323.57542506 ... 301.70056065 301.70056065
   301.70022789]
  [322.95653382 322.95653382 323.57542506 ... 301.70056065 301.70056065
   301.70022789]
  [322.89734072 322.89734072 323.39372877 ... 301.70060019 301.70060019
   301.9101735 ]
  ...
  [325.7449126  325.7449126  326.71969548 ... 301.68581614 301.68581614
   301.68581809]
  [325.7449126  325.7449126  326.71969548 ... 301.68581614 301.68581614
   301.68581809]
  [325.74196946 325.74196946 326.77441065 ... 301.68636601 301.68636601
   301.90705835]]

 [[322.95647574 322.95647574 323.57540256 ... 301.70055705 301.70055705
   301.70022462]
  [322.95647574 322.95647574 323.57540256 ... 301.70055705 301.70055705
   301.70022462]
  [322.89728267 322.89728267 323.39366178 ... 301.70059725 301.70059725
   301.91001108]
  ...
  [325.74485706 325.74485706 326.71969389 ... 301.68581255 301.68581255
   301.68581516]
  [325.74485706 325.74485706 326.71969389 ... 301.68581255 301.68581255
   301.68581516]
  [325.74191362 325.74191362 326.77436988 ... 301.68636309 301.68636309
   301.90692517]]]",1,1.0
freq_core,freq_noc,Xbar_size,N_tile,N_pe,N_tile(real),N_tier(chiplet),W2d,W3d,Computing_latency,Computing_energy,compute_area,chip_area,chip_Architecture,2d NoC latency,3d NoC latency,2.5d NoC latency,network_latency,2d NoC energy,3d NoC energy,2.5d NoC energy,network_energy,peak_temperature,placement_method,percent_router
freq_core,freq_noc,Xbar_size,N_tile,N_pe,N_tile(real),N_tier(chiplet),W2d,W3d,Computing_latency,Computing_energy,compute_area,chip_area,chip_Architecture,2d NoC latency,3d NoC latency,2.5d NoC latency,network_latency,2d NoC energy,3d NoC energy,2.5d NoC energy,network_energy,peak_temperature,placement_method,percent_router
1.0,1.0,1024,169,36,169,32,338,1,20660378.504738264,39145755609.2092,8180676433.859387,8334.40621296857,H2_5D,13937694.5625,0.0,0,13937694.5625,434414141.8521171,0.0,0.0,434414141.8521171,"[[[325.93822688 325.93822688 326.33986909 ... 318.74822937 318.74549544
   318.74546625]
  [325.93822688 325.93822688 326.33986909 ... 318.74822937 318.74549544
   318.74546625]
  [325.87158515 325.87158515 326.22539484 ... 318.75797835 318.75542596
   318.75539867]
  ...
  [328.62640883 328.62640883 328.34194594 ... 319.63305323 319.6289333
   319.62888928]
  [328.6306788  328.6306788  328.34532277 ... 319.63362857 319.83803792
   319.83889097]
  [328.63072438 328.63072438 328.34535887 ... 319.63363468 319.8389411
   319.83980008]]

 [[325.93816701 325.93816701 326.33981062 ... 318.74821669 318.74548276
   318.74545357]
  [325.93816701 325.93816701 326.33981062 ... 318.74821669 318.74548276
   318.74545357]
  [325.87152519 325.87152519 326.22533611 ... 318.75796567 318.7554146
   318.75538732]
  ...
  [328.62624806 328.62624806 328.34178403 ... 319.63304099 319.62892239
   319.62887838]
  [328.63051804 328.63051804 328.34515913 ... 319.63361767 319.83775321
   319.83868134]
  [328.63056363 328.63056363 328.34519522 ... 319.63362378 319.83873147
   319.83966602]]]",1,1.0
freq_core,freq_noc,Xbar_size,N_tile,N_pe,N_tile(real),N_tier(chiplet),W2d,W3d,Computing_latency,Computing_energy,compute_area,chip_area,chip_Architecture,2d NoC latency,3d NoC latency,2.5d NoC latency,network_latency,2d NoC energy,3d NoC energy,2.5d NoC energy,network_energy,peak_temperature,placement_method,percent_router
freq_core,freq_noc,Xbar_size,N_tile,N_pe,N_tile(real),N_tier(chiplet),W2d,W3d,Computing_latency,Computing_energy,compute_area,chip_area,chip_Architecture,2d NoC latency,3d NoC latency,2.5d NoC latency,network_latency,2d NoC energy,3d NoC energy,2.5d NoC energy,network_energy,peak_temperature,placement_method,percent_router
freq_core,freq_noc,Xbar_size,N_tile,N_pe,N_tile(real),N_tier(chiplet),W2d,W3d,Computing_latency,Computing_energy,compute_area,chip_area,chip_Architecture,2d NoC latency,3d NoC latency,2.5d NoC latency,network_latency,2d NoC energy,3d NoC energy,2.5d NoC energy,network_energy,peak_temperature,placement_method,percent_router
1.0,1.0,1024,81,36,81,32,338,2,20660378.504738264,39145755609.2092,7841831847.841543,4029.095653766913,H2_5D,13732692.875,0,16958.773208050003,13749651.64820805,415218753.43515116,0.0,466025.52769015677,415684778.96284133,"[[[313.14862285 313.14862285 313.24739176 ... 306.85259644 306.85259644
   306.85117395]
  [313.14862285 313.14862285 313.24739176 ... 306.85259644 306.85259644
   306.85117395]
  [313.16940686 313.16940686 314.11269064 ... 306.85235298 306.85235298
   310.91146056]
  ...
  [319.31438943 319.31438943 319.05183519 ... 307.06302685 307.06302685
   307.06112049]
  [319.31438943 319.31438943 319.05183519 ... 307.06302685 307.06302685
   307.06112049]
  [319.31630401 319.31630401 315.35269357 ... 307.06520373 307.06520373
   311.25447989]]

 [[313.14859108 313.14859108 313.24689561 ... 306.85273638 306.85273638
   306.85131714]
  [313.14859108 313.14859108 313.24689561 ... 306.85273638 306.85273638
   306.85131714]
  [313.16942357 313.16942357 314.10798153 ... 306.85249034 306.85249034
   310.89056046]
  ...
  [319.31266038 319.31266038 319.04005332 ... 307.06376005 307.06376005
   307.06179043]
  [319.31266038 319.31266038 319.04005332 ... 307.06376005 307.06376005
   307.06179043]
  [319.31467688 319.31467688 315.36007638 ... 307.06595567 307.06595567
   311.23456441]]]",1,1.0
freq_core,freq_noc,Xbar_size,N_tile,N_pe,N_tile(real),N_tier(chiplet),W2d,W3d,Computing_latency,Computing_energy,compute_area,chip_area,chip_Architecture,2d NoC latency,3d NoC latency,2.5d NoC latency,network_latency,2d NoC energy,3d NoC energy,2.5d NoC energy,network_energy,peak_temperature,placement_method,percent_router
1.0,1.0,1024,81,36,81,32,338,2,20660378.504738264,39145755609.2092,7841831847.841543,4029.095653766913,H2_5D,13732692.875,0,16958.773208050003,13749651.64820805,415218753.43515116,0.0,466025.52769015677,415684778.96284133,"[[[313.14068865 313.14068865 313.14923474 ... 306.83817349 306.83816839
   306.83816584]
  [313.14068865 313.14068865 313.14923474 ... 306.83817349 306.83816839
   306.83816584]
  [313.14223263 313.14223263 313.15078379 ... 306.8380672  306.83806211
   306.83805957]
  ...
  [319.33810767 319.33810767 319.33316567 ... 310.44428492 310.47026596
   310.48306303]
  [319.33810963 319.33810963 319.33316751 ... 310.47027248 310.49646636
   310.50936904]
  [319.33811061 319.33811061 319.33316843 ... 310.48307281 310.5093723
   310.52232743]]

 [[313.14068039 313.14068039 313.14921857 ... 306.83826639 306.83826129
   306.83825874]
  [313.14068039 313.14068039 313.14921857 ... 306.83826639 306.83826129
   306.83825874]
  [313.14222518 313.14222518 313.15076859 ... 306.83816034 306.83815525
   306.8381527 ]
  ...
  [319.33764971 319.33764971 319.3325448  ... 310.42299239 310.44896583
   310.46175955]
  [319.33765171 319.33765171 319.33254667 ... 310.44897238 310.47515862
   310.48805792]
  [319.33765271 319.33765271 319.33254761 ... 310.46176938 310.4880612
   310.50101295]]]",1,1.0
freq_core,freq_noc,Xbar_size,N_tile,N_pe,N_tile(real),N_tier(chiplet),W2d,W3d,Computing_latency,Computing_energy,compute_area,chip_area,chip_Architecture,2d NoC latency,3d NoC latency,2.5d NoC latency,network_latency,2d NoC energy,3d NoC energy,2.5d NoC energy,network_energy,peak_temperature,placement_method,percent_router
1.0,1.0,1024,81,36,81,32,338,2,20660378.504738264,39145755609.2092,7841831847.841543,4029.095653766913,H2_5D,13732692.875,0,16958.773208050003,13749651.64820805,415218753.43515116,0.0,466025.52769015677,415684778.96284133,"[[[313.14044516 313.14044516 313.14258321 ... 306.83780487 306.83780359
   306.83780296]
  [313.14044516 313.14044516 313.14258321 ... 306.83780487 306.83780359
   306.83780296]
  [313.14083072 313.14083072 313.1429691  ... 306.83777978 306.83777851
   306.83777787]
  ...
  [319.33887831 319.33887831 319.33767249 ... 309.94327471 309.95329762
   309.95828804]
  [319.3388788  319.3388788  319.33767297 ... 309.95329924 309.96336047
   309.96837002]
  [319.33887904 319.33887904 319.3376732  ... 309.95829047 309.96837083
   309.97338992]]

 [[313.14043785 313.14043785 313.14257421 ... 306.83789728 306.83789601
   306.83789537]
  [313.14043785 313.14043785 313.14257421 ... 306.83789728 306.83789601
   306.83789537]
  [313.14082359 313.14082359 313.14296029 ... 306.83787224 306.83787097
   306.83787033]
  ...
  [319.33846367 319.33846367 319.33722311 ... 309.9220087  309.93202865
   309.9370176 ]
  [319.33846416 319.33846416 319.3372236  ... 309.93203028 309.94208853
   309.9470966 ]
  [319.33846441 319.33846441 319.33722384 ... 309.93702005 309.94709742
   309.95211504]]]",1,1.0
freq_core,freq_noc,Xbar_size,N_tile,N_pe,N_tile(real),N_tier(chiplet),W2d,W3d,Computing_latency,Computing_energy,compute_area,chip_area,chip_Architecture,2d NoC latency,3d NoC latency,2.5d NoC latency,network_latency,2d NoC energy,3d NoC energy,2.5d NoC energy,network_energy,peak_temperature,placement_method,percent_router
1.0,1.0,1024,81,36,81,32,338,2,20660378.504738264,39145755609.2092,7841831847.841543,4029.095653766913,H2_5D,13732692.875,0,16958.773208050003,13749651.64820805,415218753.43515116,0.0,466025.52769015677,415684778.96284133,"[[[321.71655955 321.71655955 321.91173077 ... 315.9831551  315.9831551
   315.97728195]
  [321.71655955 321.71655955 321.91173077 ... 315.9831551  315.9831551
   315.97728195]
  [321.75168015 321.75168015 322.14341505 ... 315.97207431 315.97207431
   316.86458797]
  ...
  [325.08575223 325.08575223 324.81343936 ... 316.38902222 316.38902222
   316.38152505]
  [325.08575223 325.08575223 324.81343936 ... 316.38902222 316.38902222
   316.38152505]
  [325.08924898 325.08924898 323.9958425  ... 316.39009373 316.39009373
   317.28923533]]

 [[321.71658063 321.71658063 321.91167176 ... 315.98334404 315.98334404
   315.97747237]
  [321.71658063 321.71658063 321.91167176 ... 315.98334404 315.98334404
   315.97747237]
  [321.75171263 321.75171263 322.14239243 ... 315.97226374 315.97226374
   316.86012467]
  ...
  [325.08514174 325.08514174 324.81082204 ... 316.38934806 316.38934806
   316.38184025]
  [325.08514174 325.08514174 324.81082204 ... 316.38934806 316.38934806
   316.38184025]
  [325.08865779 325.08865779 323.99746326 ... 316.39042464 316.39042464
   317.28509815]]]",1,1.0
freq_core,freq_noc,Xbar_size,N_tile,N_pe,N_tile(real),N_tier(chiplet),W2d,W3d,Computing_latency,Computing_energy,compute_area,chip_area,chip_Architecture,2d NoC latency,3d NoC latency,2.5d NoC latency,network_latency,2d NoC energy,3d NoC energy,2.5d NoC energy,network_energy,peak_temperature,placement_method,percent_router
1.0,1.0,1024,81,36,81,32,338,2,20660378.504738264,39145755609.2092,7841831847.841543,4029.095653766913,H2_5D,13732692.875,0,16958.773208050003,13749651.64820805,415218753.43515116,0.0,466025.52769015677,415684778.96284133,"[[[325.14098441 325.14098441 325.33395312 ... 319.33009747 319.33009747
   319.32383872]
  [325.14098441 325.14098441 325.33395312 ... 319.33009747 319.33009747
   319.32383872]
  [325.1785872  325.1785872  325.41167968 ... 319.31725966 319.31725966
   319.44414103]
  ...
  [328.28941416 328.28941416 327.76957016 ... 319.77618893 319.77618893
   319.76671428]
  [328.28941416 328.28941416 327.76957016 ... 319.77618893 319.77618893
   319.76671428]
  [328.29545249 328.29545249 327.64907225 ... 319.77775557 319.77775557
   319.91687833]]

 [[325.14100481 325.14100481 325.33399559 ... 319.33029379 319.33029379
   319.32403301]
  [325.14100481 325.14100481 325.33399559 ... 319.33029379 319.33029379
   319.32403301]
  [325.17861081 325.17861081 325.4115872  ... 319.31745087 319.31745087
   319.44364223]
  ...
  [328.28890963 328.28890963 327.76906282 ... 319.77646433 319.77646433
   319.76698683]
  [328.28890963 328.28890963 327.76906282 ... 319.77646433 319.77646433
   319.76698683]
  [328.29494867 328.29494867 327.64919206 ... 319.77803002 319.77803002
   319.9164191 ]]]",1,1.0
freq_core,freq_noc,Xbar_size,N_tile,N_pe,N_tile(real),N_tier(chiplet),W2d,W3d,Computing_latency,Computing_energy,compute_area,chip_area,chip_Architecture,2d NoC latency,3d NoC latency,2.5d NoC latency,network_latency,2d NoC energy,3d NoC energy,2.5d NoC energy,network_energy,peak_temperature,placement_method,percent_router
freq_core,freq_noc,Xbar_size,N_tile,N_pe,N_tile(real),N_tier(chiplet),W2d,W3d,Computing_latency,Computing_energy,compute_area,chip_area,chip_Architecture,2d NoC latency,3d NoC latency,2.5d NoC latency,network_latency,2d NoC energy,3d NoC energy,2.5d NoC energy,network_energy,peak_temperature,placement_method,percent_router
1.0,1.0,1024,81,36,81,32,338,2,20660378.504738264,39145755609.2092,7841831847.841543,4029.095653766913,H2_5D,13732692.875,0,16958.773208050003,13749651.64820805,415218753.43515116,0.0,466025.52769015677,415684778.96284133,"[[[321.71655955 321.71655955 321.91173077 ... 315.9831551  315.9831551
   315.97728195]
  [321.71655955 321.71655955 321.91173077 ... 315.9831551  315.9831551
   315.97728195]
  [321.75168015 321.75168015 322.14341505 ... 315.97207431 315.97207431
   316.86458797]
  ...
  [325.08575223 325.08575223 324.81343936 ... 316.38902222 316.38902222
   316.38152505]
  [325.08575223 325.08575223 324.81343936 ... 316.38902222 316.38902222
   316.38152505]
  [325.08924898 325.08924898 323.9958425  ... 316.39009373 316.39009373
   317.28923533]]

 [[321.71658063 321.71658063 321.91167176 ... 315.98334404 315.98334404
   315.97747237]
  [321.71658063 321.71658063 321.91167176 ... 315.98334404 315.98334404
   315.97747237]
  [321.75171263 321.75171263 322.14239243 ... 315.97226374 315.97226374
   316.86012467]
  ...
  [325.08514174 325.08514174 324.81082204 ... 316.38934806 316.38934806
   316.38184025]
  [325.08514174 325.08514174 324.81082204 ... 316.38934806 316.38934806
   316.38184025]
  [325.08865779 325.08865779 323.99746326 ... 316.39042464 316.39042464
   317.28509815]]]",1,1.0
freq_core,freq_noc,Xbar_size,N_tile,N_pe,N_tile(real),N_tier(chiplet),W2d,W3d,Computing_latency,Computing_energy,compute_area,chip_area,chip_Architecture,2d NoC latency,3d NoC latency,2.5d NoC latency,network_latency,2d NoC energy,3d NoC energy,2.5d NoC energy,network_energy,peak_temperature,placement_method,percent_router
1.0,1.0,1024,81,36,81,32,338,2,20660378.504738264,39145755609.2092,7841831847.841543,4029.095653766913,H2_5D,13732692.875,0,16958.773208050003,13749651.64820805,415218753.43515116,0.0,466025.52769015677,415684778.96284133,"[[[535.16559547 535.16559547 537.11730772 ... 477.83155103 477.83155103
   477.77281947]
  [535.16559547 535.16559547 537.11730772 ... 477.83155103 477.83155103
   477.77281947]
  [535.51680153 535.51680153 539.43415054 ... 477.7207431  477.7207431
   486.64587966]
  ...
  [568.85752228 568.85752228 566.13439365 ... 481.89022216 481.89022216
   481.81525048]
  [568.85752228 568.85752228 566.13439365 ... 481.89022216 481.89022216
   481.81525048]
  [568.89248977 568.89248977 557.95842503 ... 481.90093727 481.90093727
   490.89235326]]

 [[535.16580626 535.16580626 537.11671755 ... 477.8334404  477.8334404
   477.77472371]
  [535.16580626 535.16580626 537.11671755 ... 477.8334404  477.8334404
   477.77472371]
  [535.5171263  535.5171263  539.42392428 ... 477.72263744 477.72263744
   486.60124671]
  ...
  [568.85141743 568.85141743 566.10822038 ... 481.89348063 481.89348063
   481.81840253]
  [568.85141743 568.85141743 566.10822038 ... 481.89348063 481.89348063
   481.81840253]
  [568.88657791 568.88657791 557.97463256 ... 481.90424637 481.90424637
   490.85098147]]]",1,1.0
freq_core,freq_noc,Xbar_size,N_tile,N_pe,N_tile(real),N_tier(chiplet),W2d,W3d,Computing_latency,Computing_energy,compute_area,chip_area,chip_Architecture,2d NoC latency,3d NoC latency,2.5d NoC latency,network_latency,2d NoC energy,3d NoC energy,2.5d NoC energy,network_energy,peak_temperature,placement_method,percent_router
1.0,1.0,1024,81,36,81,32,338,2,20660378.504738264,39145755609.2092,7841831847.841543,4029.095653766913,H2_5D,13732692.875,0,16958.773208050003,13749651.64820805,415218753.43515116,0.0,466025.52769015677,415684778.96284133,"[[[300.37165595 300.37165595 300.39117308 ... 299.79831551 299.79831551
   299.79772819]
  [300.37165595 300.37165595 300.39117308 ... 299.79831551 299.79831551
   299.79772819]
  [300.37516802 300.37516802 300.41434151 ... 299.79720743 299.79720743
   299.8864588 ]
  ...
  [300.70857522 300.70857522 300.68134394 ... 299.83890222 299.83890222
   299.8381525 ]
  [300.70857522 300.70857522 300.68134394 ... 299.83890222 299.83890222
   299.8381525 ]
  [300.7089249  300.7089249  300.59958425 ... 299.83900937 299.83900937
   299.92892353]]

 [[300.37165806 300.37165806 300.39116718 ... 299.7983344  299.7983344
   299.79774724]
  [300.37165806 300.37165806 300.39116718 ... 299.7983344  299.7983344
   299.79774724]
  [300.37517126 300.37517126 300.41423924 ... 299.79722637 299.79722637
   299.88601247]
  ...
  [300.70851417 300.70851417 300.6810822  ... 299.83893481 299.83893481
   299.83818403]
  [300.70851417 300.70851417 300.6810822  ... 299.83893481 299.83893481
   299.83818403]
  [300.70886578 300.70886578 300.59974633 ... 299.83904246 299.83904246
   299.92850981]]]",1,1.0
freq_core,freq_noc,Xbar_size,N_tile,N_pe,N_tile(real),N_tier(chiplet),W2d,W3d,Computing_latency,Computing_energy,compute_area,chip_area,chip_Architecture,2d NoC latency,3d NoC latency,2.5d NoC latency,network_latency,2d NoC energy,3d NoC energy,2.5d NoC energy,network_energy,peak_temperature,placement_method,percent_router
1.0,1.0,1024,81,36,81,32,338,2,20660378.504738264,39145755609.2092,7841831847.841543,4029.095653766913,H2_5D,13732692.875,0,16958.773208050003,13749651.64820805,415218753.43515116,0.0,466025.52769015677,415684778.96284133,"[[[298.2371656  298.2371656  298.23911731 ... 298.17983155 298.17983155
   298.17977282]
  [298.2371656  298.2371656  298.23911731 ... 298.17983155 298.17983155
   298.17977282]
  [298.2375168  298.2375168  298.24143415 ... 298.17972074 298.17972074
   298.18864588]
  ...
  [298.27085752 298.27085752 298.26813439 ... 298.18389022 298.18389022
   298.18381525]
  [298.27085752 298.27085752 298.26813439 ... 298.18389022 298.18389022
   298.18381525]
  [298.27089249 298.27089249 298.25995842 ... 298.18390094 298.18390094
   298.19289235]]

 [[298.23716581 298.23716581 298.23911672 ... 298.17983344 298.17983344
   298.17977472]
  [298.23716581 298.23716581 298.23911672 ... 298.17983344 298.17983344
   298.17977472]
  [298.23751713 298.23751713 298.24142392 ... 298.17972264 298.17972264
   298.18860125]
  ...
  [298.27085142 298.27085142 298.26810822 ... 298.18389348 298.18389348
   298.1838184 ]
  [298.27085142 298.27085142 298.26810822 ... 298.18389348 298.18389348
   298.1838184 ]
  [298.27088658 298.27088658 298.25997463 ... 298.18390425 298.18390425
   298.19285098]]]",1,1.0
freq_core,freq_noc,Xbar_size,N_tile,N_pe,N_tile(real),N_tier(chiplet),W2d,W3d,Computing_latency,Computing_energy,compute_area,chip_area,chip_Architecture,2d NoC latency,3d NoC latency,2.5d NoC latency,network_latency,2d NoC energy,3d NoC energy,2.5d NoC energy,network_energy,peak_temperature,placement_method,percent_router
freq_core,freq_noc,Xbar_size,N_tile,N_pe,N_tile(real),N_tier(chiplet),W2d,W3d,Computing_latency,Computing_energy,compute_area,chip_area,chip_Architecture,2d NoC latency,3d NoC latency,2.5d NoC latency,network_latency,2d NoC energy,3d NoC energy,2.5d NoC energy,network_energy,peak_temperature,placement_method,percent_router
1.0,1.0,1024,81,36,81,32,338,2,20660378.504738264,39145755609.2092,7841831847.841543,4029.095653766913,H2_5D,13732692.875,0,16958.773208050003,13749651.64820805,415218753.43515116,0.0,466025.52769015677,415684778.96284133,"[[[299.71044631 299.71044631 299.7319498  ... 298.14537639 298.14537639
   298.14348474]
  [299.71044631 299.71044631 299.7319498  ... 298.14537639 298.14537639
   298.14348474]
  [299.71828467 299.71828467 299.77533415 ... 298.13631195 298.13631195
   298.23258825]
  ...
  [301.48616191 301.48616191 300.94652424 ... 298.29591673 298.29591673
   298.29072388]
  [301.48616191 301.48616191 300.94652424 ... 298.29591673 298.29591673
   298.29072388]
  [301.49171473 301.49171473 300.85750241 ... 298.29717475 298.29717475
   298.41043387]]

 [[299.71040305 299.71040305 299.73193595 ... 298.14545278 298.14545278
   298.14355845]
  [299.71040305 299.71040305 299.73193595 ... 298.14545278 298.14545278
   298.14355845]
  [299.71824444 299.71824444 299.77522884 ... 298.13638119 298.13638119
   298.23214785]
  ...
  [301.48567262 301.48567262 300.94609956 ... 298.29608295 298.29608295
   298.29088672]
  [301.48567262 301.48567262 300.94609956 ... 298.29608295 298.29608295
   298.29088672]
  [301.49122579 301.49122579 300.85754033 ... 298.29733951 298.29733951
   298.41001261]]]",1,1.0
freq_core,freq_noc,Xbar_size,N_tile,N_pe,N_tile(real),N_tier(chiplet),W2d,W3d,Computing_latency,Computing_energy,compute_area,chip_area,chip_Architecture,2d NoC latency,3d NoC latency,2.5d NoC latency,network_latency,2d NoC energy,3d NoC energy,2.5d NoC energy,network_energy,peak_temperature,placement_method,percent_router
1.0,1.0,1024,81,36,81,32,338,2,20660378.504738264,39145755609.2092,7841831847.841543,4029.095653766913,H2_5D,13732692.875,0,16958.773208050003,13749651.64820805,415218753.43515116,0.0,466025.52769015677,415684778.96284133,"[[[299.59583242 299.59583242 299.60159149 ... 298.09115329 298.09037403
   298.09036547]
  [299.59583242 299.59583242 299.60159149 ... 298.09115329 298.09037403
   298.09036547]
  [299.59870151 299.59870151 299.60744003 ... 298.08833943 298.08785468
   298.08784932]
  ...
  [301.38140729 301.38140729 301.19328589 ... 298.21484672 298.21304183
   298.21302197]
  [301.38347994 301.38347994 301.19429662 ... 298.2154852  298.41319318
   298.41403293]
  [301.38350271 301.38350271 301.19430776 ... 298.21549218 298.41405978
   298.41490532]]

 [[299.59578256 299.59578256 299.60154291 ... 298.09120569 298.09042594
   298.09041737]
  [299.59578256 299.59578256 299.60154291 ... 298.09120569 298.09042594
   298.09041737]
  [299.59865358 299.59865358 299.60739575 ... 298.08839009 298.0879055
   298.08790013]
  ...
  [301.38096949 301.38096949 301.19269906 ... 298.21498239 298.21317624
   298.21315637]
  [301.38304379 301.38304379 301.19371017 ... 298.21562142 298.41217779
   298.4130845 ]
  [301.38306658 301.38306658 301.19372132 ... 298.21562841 298.41311136
   298.41402428]]]",1,1.0
freq_core,freq_noc,Xbar_size,N_tile,N_pe,N_tile(real),N_tier(chiplet),W2d,W3d,Computing_latency,Computing_energy,compute_area,chip_area,chip_Architecture,2d NoC latency,3d NoC latency,2.5d NoC latency,network_latency,2d NoC energy,3d NoC energy,2.5d NoC energy,network_energy,peak_temperature,placement_method,percent_router
1.0,1.0,1024,81,36,81,32,338,2,20660378.504738264,39145755609.2092,7841831847.841543,4029.095653766913,H2_5D,13732692.875,0,16958.773208050003,13749651.64820805,415218753.43515116,0.0,466025.52769015677,415684778.96284133,"[[[299.59477711 299.59477711 299.59714721 ... 298.08539772 298.08539054
   298.08538696]
  [299.59477711 299.59477711 299.59714721 ... 298.08539772 298.08539054
   298.08538696]
  [299.59600372 299.59600372 299.59895577 ... 298.08431778 298.08431087
   298.08430741]
  ...
  [301.39861845 301.39861845 301.31976915 ... 298.39819124 298.39947606
   298.39985289]
  [301.39863754 301.39863754 301.3197846  ... 298.39949879 298.40079577
   298.40117683]
  [301.39864709 301.39864709 301.31979232 ... 298.39988697 298.40118819
   298.40157092]]

 [[299.59472676 299.59472676 299.59709709 ... 298.08544646 298.08543928
   298.08543569]
  [299.59472676 299.59472676 299.59709709 ... 298.08544646 298.08543928
   298.08543569]
  [299.5959542  299.5959542  299.59890695 ... 298.08436588 298.08435896
   298.0843555 ]
  ...
  [301.39819675 301.39819675 301.31928006 ... 298.39703071 298.39842331
   298.39883457]
  [301.39821586 301.39821586 301.31929552 ... 298.39844606 298.39985191
   298.40026776]
  [301.39822542 301.39822542 301.31930325 ... 298.39886868 298.40027913
   298.40069677]]]",1,1.0
freq_core,freq_noc,Xbar_size,N_tile,N_pe,N_tile(real),N_tier(chiplet),W2d,W3d,Computing_latency,Computing_energy,compute_area,chip_area,chip_Architecture,2d NoC latency,3d NoC latency,2.5d NoC latency,network_latency,2d NoC energy,3d NoC energy,2.5d NoC energy,network_energy,peak_temperature,placement_method,percent_router
1.0,1.0,1024,81,36,81,32,338,2,20660378.504738264,39145755609.2092,7841831847.841543,4029.095653766913,H2_5D,13732692.875,0,16958.773208050003,13749651.64820805,415218753.43515116,0.0,466025.52769015677,415684778.96284133,"[[[299.59424996 299.59424996 299.59507082 ... 298.08277843 298.08277593
   298.08277468]
  [299.59424996 299.59424996 299.59507082 ... 298.08277843 298.08277593
   298.08277468]
  [299.59468146 299.59468146 299.59557801 ... 298.08241868 298.08241621
   298.08241497]
  ...
  [301.40700964 301.40700964 301.37960805 ... 298.39165761 298.39208043
   298.39224766]
  [301.40701629 301.40701629 301.37961423 ... 298.39208839 298.39251332
   298.39268148]
  [301.40701962 301.40701962 301.37961732 ... 298.39225961 298.39268546
   298.39285405]]

 [[299.59419938 299.59419938 299.59502029 ... 298.08282553 298.08282303
   298.08282178]
  [299.59419938 299.59419938 299.59502029 ... 298.08282553 298.08282303
   298.08282178]
  [299.59463118 299.59463118 299.59552784 ... 298.08246558 298.0824631
   298.08246187]
  ...
  [301.4065965  301.4065965  301.37917099 ... 298.39066124 298.39112689
   298.39131064]
  [301.40660316 301.40660316 301.37917718 ... 298.39113486 298.39160281
   298.39178758]
  [301.40660649 301.40660649 301.37918027 ... 298.3913226  298.39179156
   298.39197678]]]",1,1.0
freq_core,freq_noc,Xbar_size,N_tile,N_pe,N_tile(real),N_tier(chiplet),W2d,W3d,Computing_latency,Computing_energy,compute_area,chip_area,chip_Architecture,2d NoC latency,3d NoC latency,2.5d NoC latency,network_latency,2d NoC energy,3d NoC energy,2.5d NoC energy,network_energy,peak_temperature,placement_method,percent_router
1.0,1.0,1024,81,36,81,32,338,2,20660378.504738264,39145755609.2092,7841831847.841543,4029.095653766913,H2_5D,13732692.875,0,16958.773208050003,13749651.64820805,415218753.43515116,0.0,466025.52769015677,415684778.96284133,"[[[300.28837007 300.28837007 300.31298925 ... 298.16691767 298.16691767
   298.16432705]
  [300.28837007 300.28837007 300.31298925 ... 298.16691767 298.16691767
   298.16432705]
  [300.29815449 300.29815449 300.40707742 ... 298.15503538 298.15503538
   298.44763346]
  ...
  [302.73525808 302.73525808 302.04281082 ... 298.36118507 298.36118507
   298.35418641]
  [302.73525808 302.73525808 302.04281082 ... 298.36118507 298.36118507
   298.35418641]
  [302.742513   302.742513   301.77456974 ... 298.36258838 298.36258838
   298.66559351]]

 [[300.28830349 300.28830349 300.31294419 ... 298.16701699 298.16701699
   298.16442415]
  [300.28830349 300.28830349 300.31294419 ... 298.16701699 298.16701699
   298.16442415]
  [300.29809378 300.29809378 300.40672064 ... 298.15512685 298.15512685
   298.44619524]
  ...
  [302.73455635 302.73455635 302.0418091  ... 298.36141818 298.36141818
   298.35441503]
  [302.73455635 302.73455635 302.0418091  ... 298.36141818 298.36141818
   298.35441503]
  [302.74181464 302.74181464 301.77495956 ... 298.36282164 298.36282164
   298.66429779]]]",1,1.0
freq_core,freq_noc,Xbar_size,N_tile,N_pe,N_tile(real),N_tier(chiplet),W2d,W3d,Computing_latency,Computing_energy,compute_area,chip_area,chip_Architecture,2d NoC latency,3d NoC latency,2.5d NoC latency,network_latency,2d NoC energy,3d NoC energy,2.5d NoC energy,network_energy,peak_temperature,placement_method,percent_router
1.0,1.0,1024,81,36,81,32,338,2,20660378.504738264,39145755609.2092,7841831847.841543,4029.095653766913,H2_5D,13732692.875,0,16958.773208050003,13749651.64820805,415218753.43515116,0.0,466025.52769015677,415684778.96284133,"[[[320.88370069 320.88370069 321.12989248 ... 299.66917674 299.66917674
   299.6432705 ]
  [320.88370069 320.88370069 321.12989248 ... 299.66917674 299.66917674
   299.6432705 ]
  [320.98154487 320.98154487 322.07077416 ... 299.55035376 299.55035376
   302.47633458]
  ...
  [345.35258083 345.35258083 338.4281082  ... 301.61185068 301.61185068
   301.54186405]
  [345.35258083 345.35258083 338.4281082  ... 301.61185068 301.61185068
   301.54186405]
  [345.42513003 345.42513003 335.74569743 ... 301.6258838  301.6258838
   304.65593512]]

 [[320.8830349  320.8830349  321.12944193 ... 299.67016994 299.67016994
   299.64424154]
  [320.8830349  320.8830349  321.12944193 ... 299.67016994 299.67016994
   299.64424154]
  [320.98093783 320.98093783 322.06720642 ... 299.55126853 299.55126853
   302.46195243]
  ...
  [345.34556345 345.34556345 338.41809098 ... 301.61418181 301.61418181
   301.5441503 ]
  [345.34556345 345.34556345 338.41809098 ... 301.61418181 301.61418181
   301.5441503 ]
  [345.41814641 345.41814641 335.74959561 ... 301.62821643 301.62821643
   304.64297793]]]",1,1.0
freq_core,freq_noc,Xbar_size,N_tile,N_pe,N_tile(real),N_tier(chiplet),W2d,W3d,Computing_latency,Computing_energy,compute_area,chip_area,chip_Architecture,2d NoC latency,3d NoC latency,2.5d NoC latency,network_latency,2d NoC energy,3d NoC energy,2.5d NoC energy,network_energy,peak_temperature,placement_method,percent_router
1.0,1.0,1024,81,36,81,32,338,2,20660378.504738264,39145755609.2092,7841831847.841543,4029.095653766913,H2_5D,13732692.875,0,16958.773208050003,13749651.64820805,415218753.43515116,0.0,466025.52769015677,415684778.96284133,"[[[320.77499942 320.77499942 320.78672596 ... 299.18254899 299.18251332
   299.18249549]
  [320.77499942 320.77499942 320.78672596 ... 299.18254899 299.18251332
   299.18249549]
  [320.78116376 320.78116376 320.79397156 ... 299.17740972 299.17737442
   299.17735677]
  ...
  [346.67156627 346.67156627 346.28011496 ... 303.59510875 303.60114894
   303.60353794]
  [346.67166133 346.67166133 346.28020325 ... 303.60126276 303.60733312
   303.60973543]
  [346.67170885 346.67170885 346.2802474  ... 303.60370867 303.60979234
   303.61220065]]

 [[320.77427692 320.77427692 320.78600419 ... 299.18322182 299.18318614
   299.18316829]
  [320.77427692 320.77427692 320.78600419 ... 299.18322182 299.18318614
   299.18316829]
  [320.7804455  320.7804455  320.79325484 ... 299.17807965 299.17804433
   299.17802667]
  ...
  [346.66566428 346.66566428 346.2738713  ... 303.58087493 303.58752702
   303.59015205]
  [346.66575941 346.66575941 346.27395967 ... 303.58764092 303.5943259
   303.5969654 ]
  [346.66580698 346.66580698 346.27400386 ... 303.59032291 303.59702235
   303.59966834]]]",1,1.0
freq_core,freq_noc,Xbar_size,N_tile,N_pe,N_tile(real),N_tier(chiplet),W2d,W3d,Computing_latency,Computing_energy,compute_area,chip_area,chip_Architecture,2d NoC latency,3d NoC latency,2.5d NoC latency,network_latency,2d NoC energy,3d NoC energy,2.5d NoC energy,network_energy,peak_temperature,placement_method,percent_router
freq_core,freq_noc,Xbar_size,N_tile,N_pe,N_tile(real),N_tier(chiplet),W2d,W3d,Computing_latency,Computing_energy,compute_area,chip_area,chip_Architecture,2d NoC latency,3d NoC latency,2.5d NoC latency,network_latency,2d NoC energy,3d NoC energy,2.5d NoC energy,network_energy,peak_temperature,placement_method,percent_router
freq_core,freq_noc,Xbar_size,N_tile,N_pe,N_tile(real),N_tier(chiplet),W2d,W3d,Computing_latency,Computing_energy,compute_area,chip_area,chip_Architecture,2d NoC latency,3d NoC latency,2.5d NoC latency,network_latency,2d NoC energy,3d NoC energy,2.5d NoC energy,network_energy,peak_temperature,placement_method,percent_router
1.0,1.0,1024,81,36,81,32,338,2,20660378.504738264,39145755609.2092,7841831847.841543,4029.095653766913,H2_5D,13732692.875,0,16958.773208050003,13749651.64820805,415218753.43515116,0.0,466025.52769015677,415684778.96284133,"[[[317.80402476 317.80402476 317.9775768  ... 312.11678514 312.11678514
   312.1120892 ]
  [317.80402476 317.80402476 317.9775768  ... 312.11678514 312.11678514
   312.1120892 ]
  [317.83527655 317.83527655 318.37938192 ... 312.10957551 312.10957551
   313.84968694]
  ...
  [321.69379405 321.69379405 321.51387005 ... 312.4591488  312.4591488
   312.45355269]
  [321.69379405 321.69379405 321.51387005 ... 312.4591488  312.4591488
   312.45355269]
  [321.69610174 321.69610174 319.92504781 ... 312.46017584 312.46017584
   314.22395701]]

 [[317.80403909 317.80403909 317.97740345 ... 312.11695947 312.11695947
   312.11226663]
  [317.80403909 317.80403909 317.97740345 ... 312.11695947 312.11695947
   312.11226663]
  [317.83531187 317.83531187 318.3773555  ... 312.10975223 312.10975223
   313.84082597]
  ...
  [321.69294974 321.69294974 321.50885153 ... 312.4595661  312.4595661
   312.45394713]
  [321.69294974 321.69294974 321.50885153 ... 312.4595661  312.4595661
   312.45394713]
  [321.69529817 321.69529817 319.92826228 ... 312.46060282 312.46060282
   314.21566246]]]",1,1.0
freq_core,freq_noc,Xbar_size,N_tile,N_pe,N_tile(real),N_tier(chiplet),W2d,W3d,Computing_latency,Computing_energy,compute_area,chip_area,chip_Architecture,2d NoC latency,3d NoC latency,2.5d NoC latency,network_latency,2d NoC energy,3d NoC energy,2.5d NoC energy,network_energy,peak_temperature,placement_method,percent_router
1.0,1.0,1024,81,36,81,32,338,2,20660378.504738264,39145755609.2092,7841831847.841543,4029.095653766913,H2_5D,13732692.875,0,16958.773208050003,13749651.64820805,415218753.43515116,0.0,466025.52769015677,415684778.96284133,"[[[317.81446226 317.81446226 317.9787381  ... 312.11922101 312.11922101
   312.11598733]
  [317.81446226 317.81446226 317.9787381  ... 312.11922101 312.11922101
   312.11598733]
  [317.84666989 317.84666989 318.26685749 ... 312.1144421  312.1144421
   313.40182297]
  ...
  [321.71265299 321.71265299 321.33679575 ... 312.46348642 312.46348642
   312.45937069]
  [321.71265299 321.71265299 321.33679575 ... 312.46348642 312.46348642
   312.45937069]
  [321.71579064 321.71579064 320.16066819 ... 312.46637122 312.46637122
   313.89220841]]

 [[317.81463669 317.81463669 317.97667777 ... 312.12105388 312.12105388
   312.11791631]
  [317.81463669 317.81463669 317.97667777 ... 312.12105388 312.12105388
   312.11791631]
  [317.84709473 317.84709473 318.24148879 ... 312.11639828 312.11639828
   313.29411271]
  ...
  [321.70390528 321.70390528 321.27843513 ... 312.46786557 312.46786557
   312.46359703]
  [321.70390528 321.70390528 321.27843513 ... 312.46786557 312.46786557
   312.46359703]
  [321.70747725 321.70747725 320.20222617 ... 312.47093267 312.47093267
   313.79525944]]]",1,1.0
freq_core,freq_noc,Xbar_size,N_tile,N_pe,N_tile(real),N_tier(chiplet),W2d,W3d,Computing_latency,Computing_energy,compute_area,chip_area,chip_Architecture,2d NoC latency,3d NoC latency,2.5d NoC latency,network_latency,2d NoC energy,3d NoC energy,2.5d NoC energy,network_energy,peak_temperature,placement_method,percent_router
1.0,1.0,1024,81,36,81,32,338,2,20660378.504738264,39145755609.2092,7841831847.841543,4029.095653766913,H2_5D,13732692.875,0,16958.773208050003,13749651.64820805,415218753.43515116,0.0,466025.52769015677,415684778.96284133,"[[[317.91912816 317.91912816 318.05614991 ... 312.14432242 312.14432242
   312.14159464]
  [317.91912816 317.91912816 318.05614991 ... 312.14432242 312.14432242
   312.14159464]
  [317.95349171 317.95349171 318.17057225 ... 312.13918202 312.13918202
   312.49953732]
  ...
  [321.8984434  321.8984434  320.96727451 ... 312.50260107 312.50260107
   312.49564476]
  [321.8984434  321.8984434  320.96727451 ... 312.50260107 312.50260107
   312.49564476]
  [321.90721398 321.90721398 320.63631594 ... 312.50689104 312.50689104
   312.99495601]]

 [[317.92395685 317.92395685 318.05880751 ... 312.17247446 312.17247446
   312.16816864]
  [317.92395685 317.92395685 318.05880751 ... 312.17247446 312.17247446
   312.16816864]
  [317.9593807  317.9593807  318.12829004 ... 312.16463458 312.16463458
   312.22063561]
  ...
  [321.78455142 321.78455142 320.74095626 ... 312.56086596 312.56086596
   312.550128  ]
  [321.78455142 321.78455142 320.74095626 ... 312.56086596 312.56086596
   312.550128  ]
  [321.79560053 321.79560053 320.68656637 ... 312.56371066 312.56371066
   312.66288916]]]",1,1.0
freq_core,freq_noc,Xbar_size,N_tile,N_pe,N_tile(real),N_tier(chiplet),W2d,W3d,Computing_latency,Computing_energy,compute_area,chip_area,chip_Architecture,2d NoC latency,3d NoC latency,2.5d NoC latency,network_latency,2d NoC energy,3d NoC energy,2.5d NoC energy,network_energy,peak_temperature,placement_method,percent_router
1.0,1.0,1024,81,36,81,32,338,2,20660378.504738264,39145755609.2092,7841831847.841543,4029.095653766913,H2_5D,13732692.875,0,16958.773208050003,13749651.64820805,415218753.43515116,0.0,466025.52769015677,415684778.96284133,"[[[324.76461644 324.76461644 324.95893846 ... 318.96492989 318.96492989
   318.95860324]
  [324.76461644 324.76461644 324.95893846 ... 318.96492989 318.96492989
   318.95860324]
  [324.80204005 324.80204005 325.05213395 ... 318.95203964 318.95203964
   319.1524125 ]
  ...
  [327.92043677 327.92043677 327.43315571 ... 319.40933746 319.40933746
   319.39994159]
  [327.92043677 327.92043677 327.43315571 ... 319.40933746 319.40933746
   319.39994159]
  [327.92619569 327.92619569 327.24569018 ... 319.4107663  319.4107663
   319.61837234]]

 [[324.76463743 324.76463743 324.95897222 ... 318.96512637 318.96512637
   318.95879838]
  [324.76463743 324.76463743 324.95897222 ... 318.96512637 318.96512637
   318.95879838]
  [324.80206503 324.80206503 325.05194862 ... 318.952232   318.952232
   319.15153426]
  ...
  [327.91992906 327.91992906 327.43245811 ... 319.40961562 319.40961562
   319.4002169 ]
  [327.91992906 327.91992906 327.43245811 ... 319.40961562 319.40961562
   319.4002169 ]
  [327.92569014 327.92569014 327.24596664 ... 319.41104448 319.41104448
   319.61758053]]]",1,1.0
freq_core,freq_noc,Xbar_size,N_tile,N_pe,N_tile(real),N_tier(chiplet),W2d,W3d,Computing_latency,Computing_energy,compute_area,chip_area,chip_Architecture,2d NoC latency,3d NoC latency,2.5d NoC latency,network_latency,2d NoC energy,3d NoC energy,2.5d NoC energy,network_energy,peak_temperature,placement_method,percent_router
freq_core,freq_noc,Xbar_size,N_tile,N_pe,N_tile(real),N_tier(chiplet),W2d,W3d,Computing_latency,Computing_energy,compute_area,chip_area,chip_Architecture,2d NoC latency,3d NoC latency,2.5d NoC latency,network_latency,2d NoC energy,3d NoC energy,2.5d NoC energy,network_energy,peak_temperature,placement_method,percent_router
freq_core,freq_noc,Xbar_size,N_tile,N_pe,N_tile(real),N_tier(chiplet),W2d,W3d,Computing_latency,Computing_energy,compute_area,chip_area,chip_Architecture,2d NoC latency,3d NoC latency,2.5d NoC latency,network_latency,2d NoC energy,3d NoC energy,2.5d NoC energy,network_energy,peak_temperature,placement_method,percent_router
freq_core,freq_noc,Xbar_size,N_tile,N_pe,N_tile(real),N_tier(chiplet),W2d,W3d,Computing_latency,Computing_energy,compute_area,chip_area,chip_Architecture,2d NoC latency,3d NoC latency,2.5d NoC latency,network_latency,2d NoC energy,3d NoC energy,2.5d NoC energy,network_energy,peak_temperature,placement_method,percent_router
freq_core,freq_noc,Xbar_size,N_tile,N_pe,N_tile(real),N_tier(chiplet),W2d,W3d,Computing_latency,Computing_energy,compute_area,chip_area,chip_Architecture,2d NoC latency,3d NoC latency,2.5d NoC latency,network_latency,2d NoC energy,3d NoC energy,2.5d NoC energy,network_energy,peak_temperature,placement_method,percent_router
freq_core,freq_noc,Xbar_size,N_tile,N_pe,N_tile(real),N_tier(chiplet),W2d,W3d,Computing_latency,Computing_energy,compute_area,chip_area,chip_Architecture,2d NoC latency,3d NoC latency,2.5d NoC latency,network_latency,2d NoC energy,3d NoC energy,2.5d NoC energy,network_energy,peak_temperature,placement_method,percent_router
1.0,1.0,1024,36,49,36,32,338,4,20660378.504738264,39145755609.2092,9487648408.499645,2489.7144784513944,H2_5D,13146208.125,0,24943.845794800003,13171151.9707948,343877567.59903675,0.0,685454.5878133248,344563022.1868501,"[[[317.53766416 317.53766416 317.83883541 ... 323.58685304 323.58685304
   323.58498322]
  [317.53766416 317.53766416 317.83883541 ... 323.58685304 323.58685304
   323.58498322]
  [317.57125416 317.57125416 318.07174183 ... 323.32793322 323.32793322
   323.21538529]
  ...
  [321.97050875 321.97050875 321.42958989 ... 320.62518236 320.62518236
   320.6203303 ]
  [321.97050875 321.97050875 321.42958989 ... 320.62518236 320.62518236
   320.6203303 ]
  [321.97705477 321.97705477 321.27136008 ... 320.6241777  320.6241777
   320.70798449]]

 [[317.53770695 317.53770695 317.83894301 ... 323.58673583 323.58673583
   323.58486517]
  [317.53770695 317.53770695 317.83894301 ... 323.58673583 323.58673583
   323.58486517]
  [317.5713148  317.5713148  318.07148557 ... 323.32773672 323.32773672
   323.21576196]
  ...
  [321.97006617 321.97006617 321.42895003 ... 320.62530861 320.62530861
   320.62045487]
  [321.97006617 321.97006617 321.42895003 ... 320.62530861 320.62530861
   320.62045487]
  [321.97661465 321.97661465 321.2715298  ... 320.62430364 320.62430364
   320.70768342]]]",1,1.0
freq_core,freq_noc,Xbar_size,N_tile,N_pe,N_tile(real),N_tier(chiplet),W2d,W3d,Computing_latency,Computing_energy,compute_area,chip_area,chip_Architecture,2d NoC latency,3d NoC latency,2.5d NoC latency,network_latency,2d NoC energy,3d NoC energy,2.5d NoC energy,network_energy,peak_temperature,placement_method,percent_router
freq_core,freq_noc,Xbar_size,N_tile,N_pe,N_tile(real),N_tier(chiplet),W2d,W3d,Computing_latency,Computing_energy,compute_area,chip_area,chip_Architecture,2d NoC latency,3d NoC latency,2.5d NoC latency,network_latency,2d NoC energy,3d NoC energy,2.5d NoC energy,network_energy,peak_temperature,placement_method,percent_router
1.0,1.0,1024,49,25,49,32,338,4,20660378.504738264,39145755609.2092,6588644728.124753,1753.2945975187122,H2_5D,14139137.125,0,34221.73965750001,14173358.8646575,513835372.15972364,0.0,940410.2576707199,514775782.41739434,"[[[333.16080396 333.16080396 333.56520008 ... 340.73384611 340.73384611
   340.73361736]
  [333.16080396 333.16080396 333.56520008 ... 340.73384611 340.73384611
   340.73361736]
  [333.2001294  333.2001294  333.82985037 ... 340.57586055 340.57586055
   340.27320156]
  ...
  [330.95756118 330.95756118 330.36616946 ... 332.61683178 332.61683178
   332.6058673 ]
  [330.95756118 330.95756118 330.36616946 ... 332.61683178 332.61683178
   332.6058673 ]
  [330.97031555 330.97031555 329.93433365 ... 332.60542694 332.60542694
   332.79948853]]

 [[333.16096937 333.16096937 333.5655045  ... 340.73359431 340.73359431
   340.73336511]
  [333.16096937 333.16096937 333.5655045  ... 340.73359431 340.73359431
   340.73336511]
  [333.20035313 333.20035313 333.83049483 ... 340.57556553 340.57556553
   340.27451428]
  ...
  [330.95648626 330.95648626 330.36490202 ... 332.61775822 332.61775822
   332.60678863]
  [330.95648626 330.95648626 330.36490202 ... 332.61775822 332.61775822
   332.60678863]
  [330.96924537 330.96924537 329.93543748 ... 332.60634898 332.60634898
   332.79937156]]]",1,1.0
freq_core,freq_noc,Xbar_size,N_tile,N_pe,N_tile(real),N_tier(chiplet),W2d,W3d,Computing_latency,Computing_energy,compute_area,chip_area,chip_Architecture,2d NoC latency,3d NoC latency,2.5d NoC latency,network_latency,2d NoC energy,3d NoC energy,2.5d NoC energy,network_energy,peak_temperature,placement_method,percent_router
1.0,1.0,1024,49,25,49,32,338,4,20660378.504738264,39145755609.2092,6588644728.124753,1753.2945975187122,H2_5D,14139137.125,0,34221.73965750001,14173358.8646575,513835372.15972364,0.0,940410.2576707199,514775782.41739434,"[[[336.79220626 336.79220626 337.17895833 ... 316.12378942 316.12378942
   316.12133345]
  [336.79220626 336.79220626 337.17895833 ... 316.12378942 316.12378942
   316.12133345]
  [336.89105218 336.89105218 337.50352331 ... 316.129917   316.129917
   316.32358617]
  ...
  [337.97609055 337.97609055 337.72552393 ... 316.25856751 316.25856751
   316.25614477]
  [337.97609055 337.97609055 337.72552393 ... 316.25856751 316.25856751
   316.25614477]
  [337.97910385 337.97910385 337.50229319 ... 316.25922528 316.25922528
   316.46156352]]

 [[336.79239158 336.79239158 337.17928261 ... 316.12388171 316.12388171
   316.12142564]
  [336.79239158 336.79239158 337.17928261 ... 316.12388171 316.12388171
   316.12142564]
  [336.8912967  336.8912967  337.50418852 ... 316.13000985 316.13000985
   316.32263385]
  ...
  [337.97568348 337.97568348 337.72503826 ... 316.25866433 316.25866433
   316.25624121]
  [337.97568348 337.97568348 337.72503826 ... 316.25866433 316.25866433
   316.25624121]
  [337.97869748 337.97869748 337.50298347 ... 316.25932181 316.25932181
   316.46062544]]]",1,1.0
freq_core,freq_noc,Xbar_size,N_tile,N_pe,N_tile(real),N_tier(chiplet),W2d,W3d,Computing_latency,Computing_energy,compute_area,chip_area,chip_Architecture,2d NoC latency,3d NoC latency,2.5d NoC latency,network_latency,2d NoC energy,3d NoC energy,2.5d NoC energy,network_energy,peak_temperature,placement_method,percent_router
1.0,1.0,1024,49,25,49,32,338,4,20660378.504738264,39145755609.2092,6588644728.124753,1753.2945975187122,H2_5D,14139137.125,0,34221.73965750001,14173358.8646575,513835372.15972364,0.0,940410.2576707199,514775782.41739434,"[[[336.79220626 336.79220626 337.17895833 ... 316.12378942 316.12378942
   316.12133345]
  [336.79220626 336.79220626 337.17895833 ... 316.12378942 316.12378942
   316.12133345]
  [336.89105218 336.89105218 337.50352331 ... 316.129917   316.129917
   316.32358617]
  ...
  [337.97609055 337.97609055 337.72552393 ... 316.25856751 316.25856751
   316.25614477]
  [337.97609055 337.97609055 337.72552393 ... 316.25856751 316.25856751
   316.25614477]
  [337.97910385 337.97910385 337.50229319 ... 316.25922528 316.25922528
   316.46156352]]

 [[336.79239158 336.79239158 337.17928261 ... 316.12388171 316.12388171
   316.12142564]
  [336.79239158 336.79239158 337.17928261 ... 316.12388171 316.12388171
   316.12142564]
  [336.8912967  336.8912967  337.50418852 ... 316.13000985 316.13000985
   316.32263385]
  ...
  [337.97568348 337.97568348 337.72503826 ... 316.25866433 316.25866433
   316.25624121]
  [337.97568348 337.97568348 337.72503826 ... 316.25866433 316.25866433
   316.25624121]
  [337.97869748 337.97869748 337.50298347 ... 316.25932181 316.25932181
   316.46062544]]]",1,1.0
freq_core,freq_noc,Xbar_size,N_tile,N_pe,N_tile(real),N_tier(chiplet),W2d,W3d,Computing_latency,Computing_energy,compute_area,chip_area,chip_Architecture,2d NoC latency,3d NoC latency,2.5d NoC latency,network_latency,2d NoC energy,3d NoC energy,2.5d NoC energy,network_energy,peak_temperature,placement_method,percent_router
1.0,1.0,1024,49,25,49,32,338,4,20660378.504738264,39145755609.2092,6588644728.124753,1753.2945975187122,H2_5D,14139137.125,0,34221.73965750001,14173358.8646575,513835372.15972364,0.0,940410.2576707199,514775782.41739434,"[[[336.79220626 336.79220626 337.17895833 ... 316.12378942 316.12378942
   316.12133345]
  [336.79220626 336.79220626 337.17895833 ... 316.12378942 316.12378942
   316.12133345]
  [336.89105218 336.89105218 337.50352331 ... 316.129917   316.129917
   316.32358617]
  ...
  [337.97609055 337.97609055 337.72552393 ... 316.25856751 316.25856751
   316.25614477]
  [337.97609055 337.97609055 337.72552393 ... 316.25856751 316.25856751
   316.25614477]
  [337.97910385 337.97910385 337.50229319 ... 316.25922528 316.25922528
   316.46156352]]

 [[336.79239158 336.79239158 337.17928261 ... 316.12388171 316.12388171
   316.12142564]
  [336.79239158 336.79239158 337.17928261 ... 316.12388171 316.12388171
   316.12142564]
  [336.8912967  336.8912967  337.50418852 ... 316.13000985 316.13000985
   316.32263385]
  ...
  [337.97568348 337.97568348 337.72503826 ... 316.25866433 316.25866433
   316.25624121]
  [337.97568348 337.97568348 337.72503826 ... 316.25866433 316.25866433
   316.25624121]
  [337.97869748 337.97869748 337.50298347 ... 316.25932181 316.25932181
   316.46062544]]]",1,1.0
freq_core,freq_noc,Xbar_size,N_tile,N_pe,N_tile(real),N_tier(chiplet),W2d,W3d,Computing_latency,Computing_energy,compute_area,chip_area,chip_Architecture,2d NoC latency,3d NoC latency,2.5d NoC latency,network_latency,2d NoC energy,3d NoC energy,2.5d NoC energy,network_energy,peak_temperature,placement_method,percent_router
freq_core,freq_noc,Xbar_size,N_tile,N_pe,N_tile(real),N_tier(chiplet),W2d,W3d,Computing_latency,Computing_energy,compute_area,chip_area,chip_Architecture,2d NoC latency,3d NoC latency,2.5d NoC latency,network_latency,2d NoC energy,3d NoC energy,2.5d NoC energy,network_energy,peak_temperature,placement_method,percent_router
1.0,1.0,1024,49,25,49,32,338,4,20660378.504738264,39145755609.2092,6588644728.124753,1753.2945975187122,H2_5D,14139137.125,0,34221.73965750001,14173358.8646575,513835372.15972364,0.0,940410.2576707199,514775782.41739434,"[[[336.79220626 336.79220626 337.17895833 ... 316.12378942 316.12378942
   316.12133345]
  [336.79220626 336.79220626 337.17895833 ... 316.12378942 316.12378942
   316.12133345]
  [336.89105218 336.89105218 337.50352331 ... 316.129917   316.129917
   316.32358617]
  ...
  [337.97609055 337.97609055 337.72552393 ... 316.25856751 316.25856751
   316.25614477]
  [337.97609055 337.97609055 337.72552393 ... 316.25856751 316.25856751
   316.25614477]
  [337.97910385 337.97910385 337.50229319 ... 316.25922528 316.25922528
   316.46156352]]

 [[336.79239158 336.79239158 337.17928261 ... 316.12388171 316.12388171
   316.12142564]
  [336.79239158 336.79239158 337.17928261 ... 316.12388171 316.12388171
   316.12142564]
  [336.8912967  336.8912967  337.50418852 ... 316.13000985 316.13000985
   316.32263385]
  ...
  [337.97568348 337.97568348 337.72503826 ... 316.25866433 316.25866433
   316.25624121]
  [337.97568348 337.97568348 337.72503826 ... 316.25866433 316.25866433
   316.25624121]
  [337.97869748 337.97869748 337.50298347 ... 316.25932181 316.25932181
   316.46062544]]]",1,1.0
freq_core,freq_noc,Xbar_size,N_tile,N_pe,N_tile(real),N_tier(chiplet),W2d,W3d,Computing_latency,Computing_energy,compute_area,chip_area,chip_Architecture,2d NoC latency,3d NoC latency,2.5d NoC latency,network_latency,2d NoC energy,3d NoC energy,2.5d NoC energy,network_energy,peak_temperature,placement_method,percent_router
freq_core,freq_noc,Xbar_size,N_tile,N_pe,N_tile(real),N_tier(chiplet),W2d,W3d,Computing_latency,Computing_energy,compute_area,chip_area,chip_Architecture,2d NoC latency,3d NoC latency,2.5d NoC latency,network_latency,2d NoC energy,3d NoC energy,2.5d NoC energy,network_energy,peak_temperature,placement_method,percent_router
freq_core,freq_noc,Xbar_size,N_tile,N_pe,N_tile(real),N_tier(chiplet),W2d,W3d,Computing_latency,Computing_energy,compute_area,chip_area,chip_Architecture,2d NoC latency,3d NoC latency,2.5d NoC latency,network_latency,2d NoC energy,3d NoC energy,2.5d NoC energy,network_energy,peak_temperature,placement_method,percent_router
freq_core,freq_noc,Xbar_size,N_tile,N_pe,N_tile(real),N_tier(chiplet),W2d,W3d,Computing_latency,Computing_energy,compute_area,chip_area,chip_Architecture,2d NoC latency,3d NoC latency,2.5d NoC latency,network_latency,2d NoC energy,3d NoC energy,2.5d NoC energy,network_energy,peak_temperature,placement_method,percent_router
freq_core,freq_noc,Xbar_size,N_tile,N_pe,N_tile(real),N_tier(chiplet),W2d,W3d,Computing_latency,Computing_energy,compute_area,chip_area,chip_Architecture,2d NoC latency,3d NoC latency,2.5d NoC latency,network_latency,2d NoC energy,3d NoC energy,2.5d NoC energy,network_energy,peak_temperature,placement_method,percent_router
freq_core,freq_noc,Xbar_size,N_tile,N_pe,N_tile(real),N_tier(chiplet),W2d,W3d,Computing_latency,Computing_energy,compute_area,chip_area,chip_Architecture,2d NoC latency,3d NoC latency,2.5d NoC latency,network_latency,2d NoC energy,3d NoC energy,2.5d NoC energy,network_energy,peak_temperature,placement_method,percent_router
1.0,1.0,1024,49,25,49,32,338,4,20660378.504738264,39145755609.2092,6588644728.124753,1753.2945975187122,H2_5D,14139137.125,0,34221.73965750001,14173358.8646575,513835372.15972364,0.0,940410.2576707199,514775782.41739434,"[[[336.79220626 336.79220626 337.17895833 ... 316.12378942 316.12378942
   316.12133345]
  [336.79220626 336.79220626 337.17895833 ... 316.12378942 316.12378942
   316.12133345]
  [336.89105218 336.89105218 337.50352331 ... 316.129917   316.129917
   316.32358617]
  ...
  [337.97609055 337.97609055 337.72552393 ... 316.25856751 316.25856751
   316.25614477]
  [337.97609055 337.97609055 337.72552393 ... 316.25856751 316.25856751
   316.25614477]
  [337.97910385 337.97910385 337.50229319 ... 316.25922528 316.25922528
   316.46156352]]

 [[336.79239158 336.79239158 337.17928261 ... 316.12388171 316.12388171
   316.12142564]
  [336.79239158 336.79239158 337.17928261 ... 316.12388171 316.12388171
   316.12142564]
  [336.8912967  336.8912967  337.50418852 ... 316.13000985 316.13000985
   316.32263385]
  ...
  [337.97568348 337.97568348 337.72503826 ... 316.25866433 316.25866433
   316.25624121]
  [337.97568348 337.97568348 337.72503826 ... 316.25866433 316.25866433
   316.25624121]
  [337.97869748 337.97869748 337.50298347 ... 316.25932181 316.25932181
   316.46062544]]]",1,1.0
freq_core,freq_noc,Xbar_size,N_tile,N_pe,N_tile(real),N_tier(chiplet),W2d,W3d,Computing_latency,Computing_energy,compute_area,chip_area,chip_Architecture,2d NoC latency,3d NoC latency,2.5d NoC latency,network_latency,2d NoC energy,3d NoC energy,2.5d NoC energy,network_energy,peak_temperature,placement_method,percent_router
1.0,1.0,1024,49,25,49,32,338,4,20660378.504738264,39145755609.2092,6588644728.124753,1753.2945975187122,H2_5D,14139137.125,0,34221.73965750001,14173358.8646575,513835372.15972364,0.0,940410.2576707199,514775782.41739434,"[[[336.79220626 336.79220626 337.17895833 ... 316.12378942 316.12378942
   316.12133345]
  [336.79220626 336.79220626 337.17895833 ... 316.12378942 316.12378942
   316.12133345]
  [336.89105218 336.89105218 337.50352331 ... 316.129917   316.129917
   316.32358617]
  ...
  [337.97609055 337.97609055 337.72552393 ... 316.25856751 316.25856751
   316.25614477]
  [337.97609055 337.97609055 337.72552393 ... 316.25856751 316.25856751
   316.25614477]
  [337.97910385 337.97910385 337.50229319 ... 316.25922528 316.25922528
   316.46156352]]

 [[336.79239158 336.79239158 337.17928261 ... 316.12388171 316.12388171
   316.12142564]
  [336.79239158 336.79239158 337.17928261 ... 316.12388171 316.12388171
   316.12142564]
  [336.8912967  336.8912967  337.50418852 ... 316.13000985 316.13000985
   316.32263385]
  ...
  [337.97568348 337.97568348 337.72503826 ... 316.25866433 316.25866433
   316.25624121]
  [337.97568348 337.97568348 337.72503826 ... 316.25866433 316.25866433
   316.25624121]
  [337.97869748 337.97869748 337.50298347 ... 316.25932181 316.25932181
   316.46062544]]]",1,1.0
