Layer_ID,Original_ID,Type,in1_dim1,in1_dim2,in1_dim3,in1_dim4,in2_dim1,in2_dim2,in2_dim3,in2_dim4,in3_dim1,in3_dim2,in3_dim3,in3_dim4,out1_dim1,out1_dim2,out1_dim3,out1_dim4,NodeName,Dilations,Groups,KernelShape,Pads,Strides
C1,%0,Constant,NA,NA,NA,NA,NA,NA,NA,NA,NA,NA,NA,NA,NA,NA,NA,NA,NA,NA,NA,NA,NA,NA
C2,%1,Constant,NA,NA,NA,NA,NA,NA,NA,NA,NA,NA,NA,NA,1,NA,NA,NA,NA,NA,NA,NA,NA,NA
C3,%2,Constant,NA,NA,NA,NA,NA,NA,NA,NA,NA,NA,NA,NA,1024,151936,NA,NA,NA,NA,NA,NA,NA,NA
C4,%4,Constant,NA,NA,NA,NA,NA,NA,NA,NA,NA,NA,NA,NA,3,NA,NA,NA,NA,NA,NA,NA,NA,NA
C5,%5,Constant,NA,NA,NA,NA,NA,NA,NA,NA,NA,NA,NA,NA,3,NA,NA,NA,NA,NA,NA,NA,NA,NA
C6,%6,Constant,NA,NA,NA,NA,NA,NA,NA,NA,NA,NA,NA,NA,3,NA,NA,NA,NA,NA,NA,NA,NA,NA
C7,%7,Constant,NA,NA,NA,NA,NA,NA,NA,NA,NA,NA,NA,NA,1,NA,NA,NA,NA,NA,NA,NA,NA,NA
C8,%8,Constant,NA,NA,NA,NA,NA,NA,NA,NA,NA,NA,NA,NA,1024,NA,NA,NA,NA,NA,NA,NA,NA,NA
C9,%9,Constant,NA,NA,NA,NA,NA,NA,NA,NA,NA,NA,NA,NA,128,NA,NA,NA,NA,NA,NA,NA,NA,NA
C10,%10,Constant,NA,NA,NA,NA,NA,NA,NA,NA,NA,NA,NA,NA,128,NA,NA,NA,NA,NA,NA,NA,NA,NA
C11,%11,Constant,NA,NA,NA,NA,NA,NA,NA,NA,NA,NA,NA,NA,40960,64,NA,NA,NA,NA,NA,NA,NA,NA
C12,%12,Constant,NA,NA,NA,NA,NA,NA,NA,NA,NA,NA,NA,NA,40960,64,NA,NA,NA,NA,NA,NA,NA,NA
C13,%13,Constant,NA,NA,NA,NA,NA,NA,NA,NA,NA,NA,NA,NA,1024,NA,NA,NA,NA,NA,NA,NA,NA,NA
C14,%14,Constant,NA,NA,NA,NA,NA,NA,NA,NA,NA,NA,NA,NA,1024,NA,NA,NA,NA,NA,NA,NA,NA,NA
C15,%15,Constant,NA,NA,NA,NA,NA,NA,NA,NA,NA,NA,NA,NA,128,NA,NA,NA,NA,NA,NA,NA,NA,NA
C16,%16,Constant,NA,NA,NA,NA,NA,NA,NA,NA,NA,NA,NA,NA,128,NA,NA,NA,NA,NA,NA,NA,NA,NA
C17,%17,Constant,NA,NA,NA,NA,NA,NA,NA,NA,NA,NA,NA,NA,1024,NA,NA,NA,NA,NA,NA,NA,NA,NA
C18,%18,Constant,NA,NA,NA,NA,NA,NA,NA,NA,NA,NA,NA,NA,1024,NA,NA,NA,NA,NA,NA,NA,NA,NA
C19,%19,Constant,NA,NA,NA,NA,NA,NA,NA,NA,NA,NA,NA,NA,128,NA,NA,NA,NA,NA,NA,NA,NA,NA
C20,%20,Constant,NA,NA,NA,NA,NA,NA,NA,NA,NA,NA,NA,NA,128,NA,NA,NA,NA,NA,NA,NA,NA,NA
C21,%21,Constant,NA,NA,NA,NA,NA,NA,NA,NA,NA,NA,NA,NA,1024,NA,NA,NA,NA,NA,NA,NA,NA,NA
C22,%22,Constant,NA,NA,NA,NA,NA,NA,NA,NA,NA,NA,NA,NA,1024,NA,NA,NA,NA,NA,NA,NA,NA,NA
C23,%23,Constant,NA,NA,NA,NA,NA,NA,NA,NA,NA,NA,NA,NA,128,NA,NA,NA,NA,NA,NA,NA,NA,NA
C24,%24,Constant,NA,NA,NA,NA,NA,NA,NA,NA,NA,NA,NA,NA,128,NA,NA,NA,NA,NA,NA,NA,NA,NA
C25,%25,Constant,NA,NA,NA,NA,NA,NA,NA,NA,NA,NA,NA,NA,1024,NA,NA,NA,NA,NA,NA,NA,NA,NA
C26,%26,Constant,NA,NA,NA,NA,NA,NA,NA,NA,NA,NA,NA,NA,1024,NA,NA,NA,NA,NA,NA,NA,NA,NA
C27,%27,Constant,NA,NA,NA,NA,NA,NA,NA,NA,NA,NA,NA,NA,128,NA,NA,NA,NA,NA,NA,NA,NA,NA
C28,%28,Constant,NA,NA,NA,NA,NA,NA,NA,NA,NA,NA,NA,NA,128,NA,NA,NA,NA,NA,NA,NA,NA,NA
C29,%29,Constant,NA,NA,NA,NA,NA,NA,NA,NA,NA,NA,NA,NA,1024,NA,NA,NA,NA,NA,NA,NA,NA,NA
C30,%30,Constant,NA,NA,NA,NA,NA,NA,NA,NA,NA,NA,NA,NA,1024,NA,NA,NA,NA,NA,NA,NA,NA,NA
C31,%31,Constant,NA,NA,NA,NA,NA,NA,NA,NA,NA,NA,NA,NA,128,NA,NA,NA,NA,NA,NA,NA,NA,NA
C32,%32,Constant,NA,NA,NA,NA,NA,NA,NA,NA,NA,NA,NA,NA,128,NA,NA,NA,NA,NA,NA,NA,NA,NA
C33,%33,Constant,NA,NA,NA,NA,NA,NA,NA,NA,NA,NA,NA,NA,1024,NA,NA,NA,NA,NA,NA,NA,NA,NA
C34,%34,Constant,NA,NA,NA,NA,NA,NA,NA,NA,NA,NA,NA,NA,1024,NA,NA,NA,NA,NA,NA,NA,NA,NA
C35,%35,Constant,NA,NA,NA,NA,NA,NA,NA,NA,NA,NA,NA,NA,128,NA,NA,NA,NA,NA,NA,NA,NA,NA
C36,%36,Constant,NA,NA,NA,NA,NA,NA,NA,NA,NA,NA,NA,NA,128,NA,NA,NA,NA,NA,NA,NA,NA,NA
C37,%37,Constant,NA,NA,NA,NA,NA,NA,NA,NA,NA,NA,NA,NA,1024,NA,NA,NA,NA,NA,NA,NA,NA,NA
C38,%38,Constant,NA,NA,NA,NA,NA,NA,NA,NA,NA,NA,NA,NA,1024,NA,NA,NA,NA,NA,NA,NA,NA,NA
C39,%39,Constant,NA,NA,NA,NA,NA,NA,NA,NA,NA,NA,NA,NA,128,NA,NA,NA,NA,NA,NA,NA,NA,NA
C40,%40,Constant,NA,NA,NA,NA,NA,NA,NA,NA,NA,NA,NA,NA,128,NA,NA,NA,NA,NA,NA,NA,NA,NA
C41,%41,Constant,NA,NA,NA,NA,NA,NA,NA,NA,NA,NA,NA,NA,1024,NA,NA,NA,NA,NA,NA,NA,NA,NA
C42,%42,Constant,NA,NA,NA,NA,NA,NA,NA,NA,NA,NA,NA,NA,1024,NA,NA,NA,NA,NA,NA,NA,NA,NA
C43,%43,Constant,NA,NA,NA,NA,NA,NA,NA,NA,NA,NA,NA,NA,128,NA,NA,NA,NA,NA,NA,NA,NA,NA
C44,%44,Constant,NA,NA,NA,NA,NA,NA,NA,NA,NA,NA,NA,NA,128,NA,NA,NA,NA,NA,NA,NA,NA,NA
C45,%45,Constant,NA,NA,NA,NA,NA,NA,NA,NA,NA,NA,NA,NA,1024,NA,NA,NA,NA,NA,NA,NA,NA,NA
C46,%46,Constant,NA,NA,NA,NA,NA,NA,NA,NA,NA,NA,NA,NA,1024,NA,NA,NA,NA,NA,NA,NA,NA,NA
C47,%47,Constant,NA,NA,NA,NA,NA,NA,NA,NA,NA,NA,NA,NA,128,NA,NA,NA,NA,NA,NA,NA,NA,NA
C48,%48,Constant,NA,NA,NA,NA,NA,NA,NA,NA,NA,NA,NA,NA,128,NA,NA,NA,NA,NA,NA,NA,NA,NA
C49,%49,Constant,NA,NA,NA,NA,NA,NA,NA,NA,NA,NA,NA,NA,1024,NA,NA,NA,NA,NA,NA,NA,NA,NA
C50,%50,Constant,NA,NA,NA,NA,NA,NA,NA,NA,NA,NA,NA,NA,1024,NA,NA,NA,NA,NA,NA,NA,NA,NA
C51,%51,Constant,NA,NA,NA,NA,NA,NA,NA,NA,NA,NA,NA,NA,128,NA,NA,NA,NA,NA,NA,NA,NA,NA
C52,%52,Constant,NA,NA,NA,NA,NA,NA,NA,NA,NA,NA,NA,NA,128,NA,NA,NA,NA,NA,NA,NA,NA,NA
C53,%53,Constant,NA,NA,NA,NA,NA,NA,NA,NA,NA,NA,NA,NA,1024,NA,NA,NA,NA,NA,NA,NA,NA,NA
C54,%54,Constant,NA,NA,NA,NA,NA,NA,NA,NA,NA,NA,NA,NA,1024,NA,NA,NA,NA,NA,NA,NA,NA,NA
C55,%55,Constant,NA,NA,NA,NA,NA,NA,NA,NA,NA,NA,NA,NA,128,NA,NA,NA,NA,NA,NA,NA,NA,NA
C56,%56,Constant,NA,NA,NA,NA,NA,NA,NA,NA,NA,NA,NA,NA,128,NA,NA,NA,NA,NA,NA,NA,NA,NA
C57,%57,Constant,NA,NA,NA,NA,NA,NA,NA,NA,NA,NA,NA,NA,1024,NA,NA,NA,NA,NA,NA,NA,NA,NA
C58,%58,Constant,NA,NA,NA,NA,NA,NA,NA,NA,NA,NA,NA,NA,1024,NA,NA,NA,NA,NA,NA,NA,NA,NA
C59,%59,Constant,NA,NA,NA,NA,NA,NA,NA,NA,NA,NA,NA,NA,128,NA,NA,NA,NA,NA,NA,NA,NA,NA
C60,%60,Constant,NA,NA,NA,NA,NA,NA,NA,NA,NA,NA,NA,NA,128,NA,NA,NA,NA,NA,NA,NA,NA,NA
C61,%61,Constant,NA,NA,NA,NA,NA,NA,NA,NA,NA,NA,NA,NA,1024,NA,NA,NA,NA,NA,NA,NA,NA,NA
C62,%62,Constant,NA,NA,NA,NA,NA,NA,NA,NA,NA,NA,NA,NA,1024,NA,NA,NA,NA,NA,NA,NA,NA,NA
C63,%63,Constant,NA,NA,NA,NA,NA,NA,NA,NA,NA,NA,NA,NA,128,NA,NA,NA,NA,NA,NA,NA,NA,NA
C64,%64,Constant,NA,NA,NA,NA,NA,NA,NA,NA,NA,NA,NA,NA,128,NA,NA,NA,NA,NA,NA,NA,NA,NA
C65,%65,Constant,NA,NA,NA,NA,NA,NA,NA,NA,NA,NA,NA,NA,1024,NA,NA,NA,NA,NA,NA,NA,NA,NA
C66,%66,Constant,NA,NA,NA,NA,NA,NA,NA,NA,NA,NA,NA,NA,1024,NA,NA,NA,NA,NA,NA,NA,NA,NA
C67,%67,Constant,NA,NA,NA,NA,NA,NA,NA,NA,NA,NA,NA,NA,128,NA,NA,NA,NA,NA,NA,NA,NA,NA
C68,%68,Constant,NA,NA,NA,NA,NA,NA,NA,NA,NA,NA,NA,NA,128,NA,NA,NA,NA,NA,NA,NA,NA,NA
C69,%69,Constant,NA,NA,NA,NA,NA,NA,NA,NA,NA,NA,NA,NA,1024,NA,NA,NA,NA,NA,NA,NA,NA,NA
C70,%70,Constant,NA,NA,NA,NA,NA,NA,NA,NA,NA,NA,NA,NA,1024,NA,NA,NA,NA,NA,NA,NA,NA,NA
C71,%71,Constant,NA,NA,NA,NA,NA,NA,NA,NA,NA,NA,NA,NA,128,NA,NA,NA,NA,NA,NA,NA,NA,NA
C72,%72,Constant,NA,NA,NA,NA,NA,NA,NA,NA,NA,NA,NA,NA,128,NA,NA,NA,NA,NA,NA,NA,NA,NA
C73,%73,Constant,NA,NA,NA,NA,NA,NA,NA,NA,NA,NA,NA,NA,1024,NA,NA,NA,NA,NA,NA,NA,NA,NA
C74,%74,Constant,NA,NA,NA,NA,NA,NA,NA,NA,NA,NA,NA,NA,1024,NA,NA,NA,NA,NA,NA,NA,NA,NA
C75,%75,Constant,NA,NA,NA,NA,NA,NA,NA,NA,NA,NA,NA,NA,128,NA,NA,NA,NA,NA,NA,NA,NA,NA
C76,%76,Constant,NA,NA,NA,NA,NA,NA,NA,NA,NA,NA,NA,NA,128,NA,NA,NA,NA,NA,NA,NA,NA,NA
C77,%77,Constant,NA,NA,NA,NA,NA,NA,NA,NA,NA,NA,NA,NA,1024,NA,NA,NA,NA,NA,NA,NA,NA,NA
C78,%78,Constant,NA,NA,NA,NA,NA,NA,NA,NA,NA,NA,NA,NA,1024,NA,NA,NA,NA,NA,NA,NA,NA,NA
C79,%79,Constant,NA,NA,NA,NA,NA,NA,NA,NA,NA,NA,NA,NA,128,NA,NA,NA,NA,NA,NA,NA,NA,NA
C80,%80,Constant,NA,NA,NA,NA,NA,NA,NA,NA,NA,NA,NA,NA,128,NA,NA,NA,NA,NA,NA,NA,NA,NA
C81,%81,Constant,NA,NA,NA,NA,NA,NA,NA,NA,NA,NA,NA,NA,1024,NA,NA,NA,NA,NA,NA,NA,NA,NA
C82,%82,Constant,NA,NA,NA,NA,NA,NA,NA,NA,NA,NA,NA,NA,1024,NA,NA,NA,NA,NA,NA,NA,NA,NA
C83,%83,Constant,NA,NA,NA,NA,NA,NA,NA,NA,NA,NA,NA,NA,128,NA,NA,NA,NA,NA,NA,NA,NA,NA
C84,%84,Constant,NA,NA,NA,NA,NA,NA,NA,NA,NA,NA,NA,NA,128,NA,NA,NA,NA,NA,NA,NA,NA,NA
C85,%85,Constant,NA,NA,NA,NA,NA,NA,NA,NA,NA,NA,NA,NA,1024,NA,NA,NA,NA,NA,NA,NA,NA,NA
C86,%86,Constant,NA,NA,NA,NA,NA,NA,NA,NA,NA,NA,NA,NA,1024,NA,NA,NA,NA,NA,NA,NA,NA,NA
C87,%87,Constant,NA,NA,NA,NA,NA,NA,NA,NA,NA,NA,NA,NA,128,NA,NA,NA,NA,NA,NA,NA,NA,NA
C88,%88,Constant,NA,NA,NA,NA,NA,NA,NA,NA,NA,NA,NA,NA,128,NA,NA,NA,NA,NA,NA,NA,NA,NA
C89,%89,Constant,NA,NA,NA,NA,NA,NA,NA,NA,NA,NA,NA,NA,1024,NA,NA,NA,NA,NA,NA,NA,NA,NA
C90,%90,Constant,NA,NA,NA,NA,NA,NA,NA,NA,NA,NA,NA,NA,1024,NA,NA,NA,NA,NA,NA,NA,NA,NA
C91,%91,Constant,NA,NA,NA,NA,NA,NA,NA,NA,NA,NA,NA,NA,128,NA,NA,NA,NA,NA,NA,NA,NA,NA
C92,%92,Constant,NA,NA,NA,NA,NA,NA,NA,NA,NA,NA,NA,NA,128,NA,NA,NA,NA,NA,NA,NA,NA,NA
C93,%93,Constant,NA,NA,NA,NA,NA,NA,NA,NA,NA,NA,NA,NA,1024,NA,NA,NA,NA,NA,NA,NA,NA,NA
C94,%94,Constant,NA,NA,NA,NA,NA,NA,NA,NA,NA,NA,NA,NA,1024,NA,NA,NA,NA,NA,NA,NA,NA,NA
C95,%95,Constant,NA,NA,NA,NA,NA,NA,NA,NA,NA,NA,NA,NA,128,NA,NA,NA,NA,NA,NA,NA,NA,NA
C96,%96,Constant,NA,NA,NA,NA,NA,NA,NA,NA,NA,NA,NA,NA,128,NA,NA,NA,NA,NA,NA,NA,NA,NA
C97,%97,Constant,NA,NA,NA,NA,NA,NA,NA,NA,NA,NA,NA,NA,1024,NA,NA,NA,NA,NA,NA,NA,NA,NA
C98,%98,Constant,NA,NA,NA,NA,NA,NA,NA,NA,NA,NA,NA,NA,1024,NA,NA,NA,NA,NA,NA,NA,NA,NA
C99,%99,Constant,NA,NA,NA,NA,NA,NA,NA,NA,NA,NA,NA,NA,128,NA,NA,NA,NA,NA,NA,NA,NA,NA
C100,%100,Constant,NA,NA,NA,NA,NA,NA,NA,NA,NA,NA,NA,NA,128,NA,NA,NA,NA,NA,NA,NA,NA,NA
C101,%101,Constant,NA,NA,NA,NA,NA,NA,NA,NA,NA,NA,NA,NA,1024,NA,NA,NA,NA,NA,NA,NA,NA,NA
C102,%102,Constant,NA,NA,NA,NA,NA,NA,NA,NA,NA,NA,NA,NA,1024,NA,NA,NA,NA,NA,NA,NA,NA,NA
C103,%103,Constant,NA,NA,NA,NA,NA,NA,NA,NA,NA,NA,NA,NA,128,NA,NA,NA,NA,NA,NA,NA,NA,NA
C104,%104,Constant,NA,NA,NA,NA,NA,NA,NA,NA,NA,NA,NA,NA,128,NA,NA,NA,NA,NA,NA,NA,NA,NA
C105,%105,Constant,NA,NA,NA,NA,NA,NA,NA,NA,NA,NA,NA,NA,1024,NA,NA,NA,NA,NA,NA,NA,NA,NA
C106,%106,Constant,NA,NA,NA,NA,NA,NA,NA,NA,NA,NA,NA,NA,1024,NA,NA,NA,NA,NA,NA,NA,NA,NA
C107,%107,Constant,NA,NA,NA,NA,NA,NA,NA,NA,NA,NA,NA,NA,128,NA,NA,NA,NA,NA,NA,NA,NA,NA
C108,%108,Constant,NA,NA,NA,NA,NA,NA,NA,NA,NA,NA,NA,NA,128,NA,NA,NA,NA,NA,NA,NA,NA,NA
C109,%109,Constant,NA,NA,NA,NA,NA,NA,NA,NA,NA,NA,NA,NA,1024,NA,NA,NA,NA,NA,NA,NA,NA,NA
C110,%110,Constant,NA,NA,NA,NA,NA,NA,NA,NA,NA,NA,NA,NA,1024,NA,NA,NA,NA,NA,NA,NA,NA,NA
C111,%111,Constant,NA,NA,NA,NA,NA,NA,NA,NA,NA,NA,NA,NA,128,NA,NA,NA,NA,NA,NA,NA,NA,NA
C112,%112,Constant,NA,NA,NA,NA,NA,NA,NA,NA,NA,NA,NA,NA,128,NA,NA,NA,NA,NA,NA,NA,NA,NA
C113,%113,Constant,NA,NA,NA,NA,NA,NA,NA,NA,NA,NA,NA,NA,1024,NA,NA,NA,NA,NA,NA,NA,NA,NA
C114,%114,Constant,NA,NA,NA,NA,NA,NA,NA,NA,NA,NA,NA,NA,1024,NA,NA,NA,NA,NA,NA,NA,NA,NA
C115,%115,Constant,NA,NA,NA,NA,NA,NA,NA,NA,NA,NA,NA,NA,128,NA,NA,NA,NA,NA,NA,NA,NA,NA
C116,%116,Constant,NA,NA,NA,NA,NA,NA,NA,NA,NA,NA,NA,NA,128,NA,NA,NA,NA,NA,NA,NA,NA,NA
C117,%117,Constant,NA,NA,NA,NA,NA,NA,NA,NA,NA,NA,NA,NA,1024,NA,NA,NA,NA,NA,NA,NA,NA,NA
C118,%118,Constant,NA,NA,NA,NA,NA,NA,NA,NA,NA,NA,NA,NA,1024,NA,NA,NA,NA,NA,NA,NA,NA,NA
C119,%119,Constant,NA,NA,NA,NA,NA,NA,NA,NA,NA,NA,NA,NA,128,NA,NA,NA,NA,NA,NA,NA,NA,NA
C120,%120,Constant,NA,NA,NA,NA,NA,NA,NA,NA,NA,NA,NA,NA,128,NA,NA,NA,NA,NA,NA,NA,NA,NA
C121,%121,Constant,NA,NA,NA,NA,NA,NA,NA,NA,NA,NA,NA,NA,1024,NA,NA,NA,NA,NA,NA,NA,NA,NA
C122,%122,Constant,NA,NA,NA,NA,NA,NA,NA,NA,NA,NA,NA,NA,1024,NA,NA,NA,NA,NA,NA,NA,NA,NA
C123,%123,Constant,NA,NA,NA,NA,NA,NA,NA,NA,NA,NA,NA,NA,NA,NA,NA,NA,NA,NA,NA,NA,NA,NA
C124,%124,Constant,NA,NA,NA,NA,NA,NA,NA,NA,NA,NA,NA,NA,NA,NA,NA,NA,NA,NA,NA,NA,NA,NA
C125,%125,Constant,NA,NA,NA,NA,NA,NA,NA,NA,NA,NA,NA,NA,151936,1024,NA,NA,NA,NA,NA,NA,NA,NA
C126,%126,Constant,NA,NA,NA,NA,NA,NA,NA,NA,NA,NA,NA,NA,NA,NA,NA,NA,NA,NA,NA,NA,NA,NA
C127,%127,Constant,NA,NA,NA,NA,NA,NA,NA,NA,NA,NA,NA,NA,NA,NA,NA,NA,NA,NA,NA,NA,NA,NA
C128,%128,Constant,NA,NA,NA,NA,NA,NA,NA,NA,NA,NA,NA,NA,1024,2048,NA,NA,NA,NA,NA,NA,NA,NA
C129,%129,Constant,NA,NA,NA,NA,NA,NA,NA,NA,NA,NA,NA,NA,NA,NA,NA,NA,NA,NA,NA,NA,NA,NA
C130,%130,Constant,NA,NA,NA,NA,NA,NA,NA,NA,NA,NA,NA,NA,NA,NA,NA,NA,NA,NA,NA,NA,NA,NA
C131,%131,Constant,NA,NA,NA,NA,NA,NA,NA,NA,NA,NA,NA,NA,1024,1024,NA,NA,NA,NA,NA,NA,NA,NA
C132,%132,Constant,NA,NA,NA,NA,NA,NA,NA,NA,NA,NA,NA,NA,NA,NA,NA,NA,NA,NA,NA,NA,NA,NA
C133,%133,Constant,NA,NA,NA,NA,NA,NA,NA,NA,NA,NA,NA,NA,NA,NA,NA,NA,NA,NA,NA,NA,NA,NA
C134,%134,Constant,NA,NA,NA,NA,NA,NA,NA,NA,NA,NA,NA,NA,1024,1024,NA,NA,NA,NA,NA,NA,NA,NA
C135,%135,Constant,NA,NA,NA,NA,NA,NA,NA,NA,NA,NA,NA,NA,NA,NA,NA,NA,NA,NA,NA,NA,NA,NA
C136,%136,Constant,NA,NA,NA,NA,NA,NA,NA,NA,NA,NA,NA,NA,NA,NA,NA,NA,NA,NA,NA,NA,NA,NA
C137,%137,Constant,NA,NA,NA,NA,NA,NA,NA,NA,NA,NA,NA,NA,2048,1024,NA,NA,NA,NA,NA,NA,NA,NA
C138,%138,Constant,NA,NA,NA,NA,NA,NA,NA,NA,NA,NA,NA,NA,NA,NA,NA,NA,NA,NA,NA,NA,NA,NA
C139,%139,Constant,NA,NA,NA,NA,NA,NA,NA,NA,NA,NA,NA,NA,NA,NA,NA,NA,NA,NA,NA,NA,NA,NA
C140,%140,Constant,NA,NA,NA,NA,NA,NA,NA,NA,NA,NA,NA,NA,1024,3072,NA,NA,NA,NA,NA,NA,NA,NA
C141,%141,Constant,NA,NA,NA,NA,NA,NA,NA,NA,NA,NA,NA,NA,NA,NA,NA,NA,NA,NA,NA,NA,NA,NA
C142,%142,Constant,NA,NA,NA,NA,NA,NA,NA,NA,NA,NA,NA,NA,NA,NA,NA,NA,NA,NA,NA,NA,NA,NA
C143,%143,Constant,NA,NA,NA,NA,NA,NA,NA,NA,NA,NA,NA,NA,1024,3072,NA,NA,NA,NA,NA,NA,NA,NA
C144,%144,Constant,NA,NA,NA,NA,NA,NA,NA,NA,NA,NA,NA,NA,NA,NA,NA,NA,NA,NA,NA,NA,NA,NA
C145,%145,Constant,NA,NA,NA,NA,NA,NA,NA,NA,NA,NA,NA,NA,NA,NA,NA,NA,NA,NA,NA,NA,NA,NA
C146,%146,Constant,NA,NA,NA,NA,NA,NA,NA,NA,NA,NA,NA,NA,3072,1024,NA,NA,NA,NA,NA,NA,NA,NA
C147,%147,Constant,NA,NA,NA,NA,NA,NA,NA,NA,NA,NA,NA,NA,NA,NA,NA,NA,NA,NA,NA,NA,NA,NA
C148,%148,Constant,NA,NA,NA,NA,NA,NA,NA,NA,NA,NA,NA,NA,NA,NA,NA,NA,NA,NA,NA,NA,NA,NA
C149,%149,Constant,NA,NA,NA,NA,NA,NA,NA,NA,NA,NA,NA,NA,1024,2048,NA,NA,NA,NA,NA,NA,NA,NA
C150,%150,Constant,NA,NA,NA,NA,NA,NA,NA,NA,NA,NA,NA,NA,NA,NA,NA,NA,NA,NA,NA,NA,NA,NA
C151,%151,Constant,NA,NA,NA,NA,NA,NA,NA,NA,NA,NA,NA,NA,NA,NA,NA,NA,NA,NA,NA,NA,NA,NA
C152,%152,Constant,NA,NA,NA,NA,NA,NA,NA,NA,NA,NA,NA,NA,1024,1024,NA,NA,NA,NA,NA,NA,NA,NA
C153,%153,Constant,NA,NA,NA,NA,NA,NA,NA,NA,NA,NA,NA,NA,NA,NA,NA,NA,NA,NA,NA,NA,NA,NA
C154,%154,Constant,NA,NA,NA,NA,NA,NA,NA,NA,NA,NA,NA,NA,NA,NA,NA,NA,NA,NA,NA,NA,NA,NA
C155,%155,Constant,NA,NA,NA,NA,NA,NA,NA,NA,NA,NA,NA,NA,1024,1024,NA,NA,NA,NA,NA,NA,NA,NA
C156,%156,Constant,NA,NA,NA,NA,NA,NA,NA,NA,NA,NA,NA,NA,NA,NA,NA,NA,NA,NA,NA,NA,NA,NA
C157,%157,Constant,NA,NA,NA,NA,NA,NA,NA,NA,NA,NA,NA,NA,NA,NA,NA,NA,NA,NA,NA,NA,NA,NA
C158,%158,Constant,NA,NA,NA,NA,NA,NA,NA,NA,NA,NA,NA,NA,2048,1024,NA,NA,NA,NA,NA,NA,NA,NA
C159,%159,Constant,NA,NA,NA,NA,NA,NA,NA,NA,NA,NA,NA,NA,NA,NA,NA,NA,NA,NA,NA,NA,NA,NA
C160,%160,Constant,NA,NA,NA,NA,NA,NA,NA,NA,NA,NA,NA,NA,NA,NA,NA,NA,NA,NA,NA,NA,NA,NA
C161,%161,Constant,NA,NA,NA,NA,NA,NA,NA,NA,NA,NA,NA,NA,1024,3072,NA,NA,NA,NA,NA,NA,NA,NA
C162,%162,Constant,NA,NA,NA,NA,NA,NA,NA,NA,NA,NA,NA,NA,NA,NA,NA,NA,NA,NA,NA,NA,NA,NA
C163,%163,Constant,NA,NA,NA,NA,NA,NA,NA,NA,NA,NA,NA,NA,NA,NA,NA,NA,NA,NA,NA,NA,NA,NA
C164,%164,Constant,NA,NA,NA,NA,NA,NA,NA,NA,NA,NA,NA,NA,1024,3072,NA,NA,NA,NA,NA,NA,NA,NA
C165,%165,Constant,NA,NA,NA,NA,NA,NA,NA,NA,NA,NA,NA,NA,NA,NA,NA,NA,NA,NA,NA,NA,NA,NA
C166,%166,Constant,NA,NA,NA,NA,NA,NA,NA,NA,NA,NA,NA,NA,NA,NA,NA,NA,NA,NA,NA,NA,NA,NA
C167,%167,Constant,NA,NA,NA,NA,NA,NA,NA,NA,NA,NA,NA,NA,3072,1024,NA,NA,NA,NA,NA,NA,NA,NA
C168,%168,Constant,NA,NA,NA,NA,NA,NA,NA,NA,NA,NA,NA,NA,NA,NA,NA,NA,NA,NA,NA,NA,NA,NA
C169,%169,Constant,NA,NA,NA,NA,NA,NA,NA,NA,NA,NA,NA,NA,NA,NA,NA,NA,NA,NA,NA,NA,NA,NA
C170,%170,Constant,NA,NA,NA,NA,NA,NA,NA,NA,NA,NA,NA,NA,1024,2048,NA,NA,NA,NA,NA,NA,NA,NA
C171,%171,Constant,NA,NA,NA,NA,NA,NA,NA,NA,NA,NA,NA,NA,NA,NA,NA,NA,NA,NA,NA,NA,NA,NA
C172,%172,Constant,NA,NA,NA,NA,NA,NA,NA,NA,NA,NA,NA,NA,NA,NA,NA,NA,NA,NA,NA,NA,NA,NA
C173,%173,Constant,NA,NA,NA,NA,NA,NA,NA,NA,NA,NA,NA,NA,1024,1024,NA,NA,NA,NA,NA,NA,NA,NA
C174,%174,Constant,NA,NA,NA,NA,NA,NA,NA,NA,NA,NA,NA,NA,NA,NA,NA,NA,NA,NA,NA,NA,NA,NA
C175,%175,Constant,NA,NA,NA,NA,NA,NA,NA,NA,NA,NA,NA,NA,NA,NA,NA,NA,NA,NA,NA,NA,NA,NA
C176,%176,Constant,NA,NA,NA,NA,NA,NA,NA,NA,NA,NA,NA,NA,1024,1024,NA,NA,NA,NA,NA,NA,NA,NA
C177,%177,Constant,NA,NA,NA,NA,NA,NA,NA,NA,NA,NA,NA,NA,NA,NA,NA,NA,NA,NA,NA,NA,NA,NA
C178,%178,Constant,NA,NA,NA,NA,NA,NA,NA,NA,NA,NA,NA,NA,NA,NA,NA,NA,NA,NA,NA,NA,NA,NA
C179,%179,Constant,NA,NA,NA,NA,NA,NA,NA,NA,NA,NA,NA,NA,2048,1024,NA,NA,NA,NA,NA,NA,NA,NA
C180,%180,Constant,NA,NA,NA,NA,NA,NA,NA,NA,NA,NA,NA,NA,NA,NA,NA,NA,NA,NA,NA,NA,NA,NA
C181,%181,Constant,NA,NA,NA,NA,NA,NA,NA,NA,NA,NA,NA,NA,NA,NA,NA,NA,NA,NA,NA,NA,NA,NA
C182,%182,Constant,NA,NA,NA,NA,NA,NA,NA,NA,NA,NA,NA,NA,1024,3072,NA,NA,NA,NA,NA,NA,NA,NA
C183,%183,Constant,NA,NA,NA,NA,NA,NA,NA,NA,NA,NA,NA,NA,NA,NA,NA,NA,NA,NA,NA,NA,NA,NA
C184,%184,Constant,NA,NA,NA,NA,NA,NA,NA,NA,NA,NA,NA,NA,NA,NA,NA,NA,NA,NA,NA,NA,NA,NA
C185,%185,Constant,NA,NA,NA,NA,NA,NA,NA,NA,NA,NA,NA,NA,1024,3072,NA,NA,NA,NA,NA,NA,NA,NA
C186,%186,Constant,NA,NA,NA,NA,NA,NA,NA,NA,NA,NA,NA,NA,NA,NA,NA,NA,NA,NA,NA,NA,NA,NA
C187,%187,Constant,NA,NA,NA,NA,NA,NA,NA,NA,NA,NA,NA,NA,NA,NA,NA,NA,NA,NA,NA,NA,NA,NA
C188,%188,Constant,NA,NA,NA,NA,NA,NA,NA,NA,NA,NA,NA,NA,3072,1024,NA,NA,NA,NA,NA,NA,NA,NA
C189,%189,Constant,NA,NA,NA,NA,NA,NA,NA,NA,NA,NA,NA,NA,NA,NA,NA,NA,NA,NA,NA,NA,NA,NA
C190,%190,Constant,NA,NA,NA,NA,NA,NA,NA,NA,NA,NA,NA,NA,NA,NA,NA,NA,NA,NA,NA,NA,NA,NA
C191,%191,Constant,NA,NA,NA,NA,NA,NA,NA,NA,NA,NA,NA,NA,1024,2048,NA,NA,NA,NA,NA,NA,NA,NA
C192,%192,Constant,NA,NA,NA,NA,NA,NA,NA,NA,NA,NA,NA,NA,NA,NA,NA,NA,NA,NA,NA,NA,NA,NA
C193,%193,Constant,NA,NA,NA,NA,NA,NA,NA,NA,NA,NA,NA,NA,NA,NA,NA,NA,NA,NA,NA,NA,NA,NA
C194,%194,Constant,NA,NA,NA,NA,NA,NA,NA,NA,NA,NA,NA,NA,1024,1024,NA,NA,NA,NA,NA,NA,NA,NA
C195,%195,Constant,NA,NA,NA,NA,NA,NA,NA,NA,NA,NA,NA,NA,NA,NA,NA,NA,NA,NA,NA,NA,NA,NA
C196,%196,Constant,NA,NA,NA,NA,NA,NA,NA,NA,NA,NA,NA,NA,NA,NA,NA,NA,NA,NA,NA,NA,NA,NA
C197,%197,Constant,NA,NA,NA,NA,NA,NA,NA,NA,NA,NA,NA,NA,1024,1024,NA,NA,NA,NA,NA,NA,NA,NA
C198,%198,Constant,NA,NA,NA,NA,NA,NA,NA,NA,NA,NA,NA,NA,NA,NA,NA,NA,NA,NA,NA,NA,NA,NA
C199,%199,Constant,NA,NA,NA,NA,NA,NA,NA,NA,NA,NA,NA,NA,NA,NA,NA,NA,NA,NA,NA,NA,NA,NA
C200,%200,Constant,NA,NA,NA,NA,NA,NA,NA,NA,NA,NA,NA,NA,2048,1024,NA,NA,NA,NA,NA,NA,NA,NA
C201,%201,Constant,NA,NA,NA,NA,NA,NA,NA,NA,NA,NA,NA,NA,NA,NA,NA,NA,NA,NA,NA,NA,NA,NA
C202,%202,Constant,NA,NA,NA,NA,NA,NA,NA,NA,NA,NA,NA,NA,NA,NA,NA,NA,NA,NA,NA,NA,NA,NA
C203,%203,Constant,NA,NA,NA,NA,NA,NA,NA,NA,NA,NA,NA,NA,1024,3072,NA,NA,NA,NA,NA,NA,NA,NA
C204,%204,Constant,NA,NA,NA,NA,NA,NA,NA,NA,NA,NA,NA,NA,NA,NA,NA,NA,NA,NA,NA,NA,NA,NA
C205,%205,Constant,NA,NA,NA,NA,NA,NA,NA,NA,NA,NA,NA,NA,NA,NA,NA,NA,NA,NA,NA,NA,NA,NA
C206,%206,Constant,NA,NA,NA,NA,NA,NA,NA,NA,NA,NA,NA,NA,1024,3072,NA,NA,NA,NA,NA,NA,NA,NA
C207,%207,Constant,NA,NA,NA,NA,NA,NA,NA,NA,NA,NA,NA,NA,NA,NA,NA,NA,NA,NA,NA,NA,NA,NA
C208,%208,Constant,NA,NA,NA,NA,NA,NA,NA,NA,NA,NA,NA,NA,NA,NA,NA,NA,NA,NA,NA,NA,NA,NA
C209,%209,Constant,NA,NA,NA,NA,NA,NA,NA,NA,NA,NA,NA,NA,3072,1024,NA,NA,NA,NA,NA,NA,NA,NA
C210,%210,Constant,NA,NA,NA,NA,NA,NA,NA,NA,NA,NA,NA,NA,NA,NA,NA,NA,NA,NA,NA,NA,NA,NA
C211,%211,Constant,NA,NA,NA,NA,NA,NA,NA,NA,NA,NA,NA,NA,NA,NA,NA,NA,NA,NA,NA,NA,NA,NA
C212,%212,Constant,NA,NA,NA,NA,NA,NA,NA,NA,NA,NA,NA,NA,1024,2048,NA,NA,NA,NA,NA,NA,NA,NA
C213,%213,Constant,NA,NA,NA,NA,NA,NA,NA,NA,NA,NA,NA,NA,NA,NA,NA,NA,NA,NA,NA,NA,NA,NA
C214,%214,Constant,NA,NA,NA,NA,NA,NA,NA,NA,NA,NA,NA,NA,NA,NA,NA,NA,NA,NA,NA,NA,NA,NA
C215,%215,Constant,NA,NA,NA,NA,NA,NA,NA,NA,NA,NA,NA,NA,1024,1024,NA,NA,NA,NA,NA,NA,NA,NA
C216,%216,Constant,NA,NA,NA,NA,NA,NA,NA,NA,NA,NA,NA,NA,NA,NA,NA,NA,NA,NA,NA,NA,NA,NA
C217,%217,Constant,NA,NA,NA,NA,NA,NA,NA,NA,NA,NA,NA,NA,NA,NA,NA,NA,NA,NA,NA,NA,NA,NA
C218,%218,Constant,NA,NA,NA,NA,NA,NA,NA,NA,NA,NA,NA,NA,1024,1024,NA,NA,NA,NA,NA,NA,NA,NA
C219,%219,Constant,NA,NA,NA,NA,NA,NA,NA,NA,NA,NA,NA,NA,NA,NA,NA,NA,NA,NA,NA,NA,NA,NA
C220,%220,Constant,NA,NA,NA,NA,NA,NA,NA,NA,NA,NA,NA,NA,NA,NA,NA,NA,NA,NA,NA,NA,NA,NA
C221,%221,Constant,NA,NA,NA,NA,NA,NA,NA,NA,NA,NA,NA,NA,2048,1024,NA,NA,NA,NA,NA,NA,NA,NA
C222,%222,Constant,NA,NA,NA,NA,NA,NA,NA,NA,NA,NA,NA,NA,NA,NA,NA,NA,NA,NA,NA,NA,NA,NA
C223,%223,Constant,NA,NA,NA,NA,NA,NA,NA,NA,NA,NA,NA,NA,NA,NA,NA,NA,NA,NA,NA,NA,NA,NA
C224,%224,Constant,NA,NA,NA,NA,NA,NA,NA,NA,NA,NA,NA,NA,1024,3072,NA,NA,NA,NA,NA,NA,NA,NA
C225,%225,Constant,NA,NA,NA,NA,NA,NA,NA,NA,NA,NA,NA,NA,NA,NA,NA,NA,NA,NA,NA,NA,NA,NA
C226,%226,Constant,NA,NA,NA,NA,NA,NA,NA,NA,NA,NA,NA,NA,NA,NA,NA,NA,NA,NA,NA,NA,NA,NA
C227,%227,Constant,NA,NA,NA,NA,NA,NA,NA,NA,NA,NA,NA,NA,1024,3072,NA,NA,NA,NA,NA,NA,NA,NA
C228,%228,Constant,NA,NA,NA,NA,NA,NA,NA,NA,NA,NA,NA,NA,NA,NA,NA,NA,NA,NA,NA,NA,NA,NA
C229,%229,Constant,NA,NA,NA,NA,NA,NA,NA,NA,NA,NA,NA,NA,NA,NA,NA,NA,NA,NA,NA,NA,NA,NA
C230,%230,Constant,NA,NA,NA,NA,NA,NA,NA,NA,NA,NA,NA,NA,3072,1024,NA,NA,NA,NA,NA,NA,NA,NA
C231,%231,Constant,NA,NA,NA,NA,NA,NA,NA,NA,NA,NA,NA,NA,NA,NA,NA,NA,NA,NA,NA,NA,NA,NA
C232,%232,Constant,NA,NA,NA,NA,NA,NA,NA,NA,NA,NA,NA,NA,NA,NA,NA,NA,NA,NA,NA,NA,NA,NA
C233,%233,Constant,NA,NA,NA,NA,NA,NA,NA,NA,NA,NA,NA,NA,1024,2048,NA,NA,NA,NA,NA,NA,NA,NA
C234,%234,Constant,NA,NA,NA,NA,NA,NA,NA,NA,NA,NA,NA,NA,NA,NA,NA,NA,NA,NA,NA,NA,NA,NA
C235,%235,Constant,NA,NA,NA,NA,NA,NA,NA,NA,NA,NA,NA,NA,NA,NA,NA,NA,NA,NA,NA,NA,NA,NA
C236,%236,Constant,NA,NA,NA,NA,NA,NA,NA,NA,NA,NA,NA,NA,1024,1024,NA,NA,NA,NA,NA,NA,NA,NA
C237,%237,Constant,NA,NA,NA,NA,NA,NA,NA,NA,NA,NA,NA,NA,NA,NA,NA,NA,NA,NA,NA,NA,NA,NA
C238,%238,Constant,NA,NA,NA,NA,NA,NA,NA,NA,NA,NA,NA,NA,NA,NA,NA,NA,NA,NA,NA,NA,NA,NA
C239,%239,Constant,NA,NA,NA,NA,NA,NA,NA,NA,NA,NA,NA,NA,1024,1024,NA,NA,NA,NA,NA,NA,NA,NA
C240,%240,Constant,NA,NA,NA,NA,NA,NA,NA,NA,NA,NA,NA,NA,NA,NA,NA,NA,NA,NA,NA,NA,NA,NA
C241,%241,Constant,NA,NA,NA,NA,NA,NA,NA,NA,NA,NA,NA,NA,NA,NA,NA,NA,NA,NA,NA,NA,NA,NA
C242,%242,Constant,NA,NA,NA,NA,NA,NA,NA,NA,NA,NA,NA,NA,2048,1024,NA,NA,NA,NA,NA,NA,NA,NA
C243,%243,Constant,NA,NA,NA,NA,NA,NA,NA,NA,NA,NA,NA,NA,NA,NA,NA,NA,NA,NA,NA,NA,NA,NA
C244,%244,Constant,NA,NA,NA,NA,NA,NA,NA,NA,NA,NA,NA,NA,NA,NA,NA,NA,NA,NA,NA,NA,NA,NA
C245,%245,Constant,NA,NA,NA,NA,NA,NA,NA,NA,NA,NA,NA,NA,1024,3072,NA,NA,NA,NA,NA,NA,NA,NA
C246,%246,Constant,NA,NA,NA,NA,NA,NA,NA,NA,NA,NA,NA,NA,NA,NA,NA,NA,NA,NA,NA,NA,NA,NA
C247,%247,Constant,NA,NA,NA,NA,NA,NA,NA,NA,NA,NA,NA,NA,NA,NA,NA,NA,NA,NA,NA,NA,NA,NA
C248,%248,Constant,NA,NA,NA,NA,NA,NA,NA,NA,NA,NA,NA,NA,1024,3072,NA,NA,NA,NA,NA,NA,NA,NA
C249,%249,Constant,NA,NA,NA,NA,NA,NA,NA,NA,NA,NA,NA,NA,NA,NA,NA,NA,NA,NA,NA,NA,NA,NA
C250,%250,Constant,NA,NA,NA,NA,NA,NA,NA,NA,NA,NA,NA,NA,NA,NA,NA,NA,NA,NA,NA,NA,NA,NA
C251,%251,Constant,NA,NA,NA,NA,NA,NA,NA,NA,NA,NA,NA,NA,3072,1024,NA,NA,NA,NA,NA,NA,NA,NA
C252,%252,Constant,NA,NA,NA,NA,NA,NA,NA,NA,NA,NA,NA,NA,NA,NA,NA,NA,NA,NA,NA,NA,NA,NA
C253,%253,Constant,NA,NA,NA,NA,NA,NA,NA,NA,NA,NA,NA,NA,NA,NA,NA,NA,NA,NA,NA,NA,NA,NA
C254,%254,Constant,NA,NA,NA,NA,NA,NA,NA,NA,NA,NA,NA,NA,1024,2048,NA,NA,NA,NA,NA,NA,NA,NA
C255,%255,Constant,NA,NA,NA,NA,NA,NA,NA,NA,NA,NA,NA,NA,NA,NA,NA,NA,NA,NA,NA,NA,NA,NA
C256,%256,Constant,NA,NA,NA,NA,NA,NA,NA,NA,NA,NA,NA,NA,NA,NA,NA,NA,NA,NA,NA,NA,NA,NA
C257,%257,Constant,NA,NA,NA,NA,NA,NA,NA,NA,NA,NA,NA,NA,1024,1024,NA,NA,NA,NA,NA,NA,NA,NA
C258,%258,Constant,NA,NA,NA,NA,NA,NA,NA,NA,NA,NA,NA,NA,NA,NA,NA,NA,NA,NA,NA,NA,NA,NA
C259,%259,Constant,NA,NA,NA,NA,NA,NA,NA,NA,NA,NA,NA,NA,NA,NA,NA,NA,NA,NA,NA,NA,NA,NA
C260,%260,Constant,NA,NA,NA,NA,NA,NA,NA,NA,NA,NA,NA,NA,1024,1024,NA,NA,NA,NA,NA,NA,NA,NA
C261,%261,Constant,NA,NA,NA,NA,NA,NA,NA,NA,NA,NA,NA,NA,NA,NA,NA,NA,NA,NA,NA,NA,NA,NA
C262,%262,Constant,NA,NA,NA,NA,NA,NA,NA,NA,NA,NA,NA,NA,NA,NA,NA,NA,NA,NA,NA,NA,NA,NA
C263,%263,Constant,NA,NA,NA,NA,NA,NA,NA,NA,NA,NA,NA,NA,2048,1024,NA,NA,NA,NA,NA,NA,NA,NA
C264,%264,Constant,NA,NA,NA,NA,NA,NA,NA,NA,NA,NA,NA,NA,NA,NA,NA,NA,NA,NA,NA,NA,NA,NA
C265,%265,Constant,NA,NA,NA,NA,NA,NA,NA,NA,NA,NA,NA,NA,NA,NA,NA,NA,NA,NA,NA,NA,NA,NA
C266,%266,Constant,NA,NA,NA,NA,NA,NA,NA,NA,NA,NA,NA,NA,1024,3072,NA,NA,NA,NA,NA,NA,NA,NA
C267,%267,Constant,NA,NA,NA,NA,NA,NA,NA,NA,NA,NA,NA,NA,NA,NA,NA,NA,NA,NA,NA,NA,NA,NA
C268,%268,Constant,NA,NA,NA,NA,NA,NA,NA,NA,NA,NA,NA,NA,NA,NA,NA,NA,NA,NA,NA,NA,NA,NA
C269,%269,Constant,NA,NA,NA,NA,NA,NA,NA,NA,NA,NA,NA,NA,1024,3072,NA,NA,NA,NA,NA,NA,NA,NA
C270,%270,Constant,NA,NA,NA,NA,NA,NA,NA,NA,NA,NA,NA,NA,NA,NA,NA,NA,NA,NA,NA,NA,NA,NA
C271,%271,Constant,NA,NA,NA,NA,NA,NA,NA,NA,NA,NA,NA,NA,NA,NA,NA,NA,NA,NA,NA,NA,NA,NA
C272,%272,Constant,NA,NA,NA,NA,NA,NA,NA,NA,NA,NA,NA,NA,3072,1024,NA,NA,NA,NA,NA,NA,NA,NA
C273,%273,Constant,NA,NA,NA,NA,NA,NA,NA,NA,NA,NA,NA,NA,NA,NA,NA,NA,NA,NA,NA,NA,NA,NA
C274,%274,Constant,NA,NA,NA,NA,NA,NA,NA,NA,NA,NA,NA,NA,NA,NA,NA,NA,NA,NA,NA,NA,NA,NA
C275,%275,Constant,NA,NA,NA,NA,NA,NA,NA,NA,NA,NA,NA,NA,1024,2048,NA,NA,NA,NA,NA,NA,NA,NA
C276,%276,Constant,NA,NA,NA,NA,NA,NA,NA,NA,NA,NA,NA,NA,NA,NA,NA,NA,NA,NA,NA,NA,NA,NA
C277,%277,Constant,NA,NA,NA,NA,NA,NA,NA,NA,NA,NA,NA,NA,NA,NA,NA,NA,NA,NA,NA,NA,NA,NA
C278,%278,Constant,NA,NA,NA,NA,NA,NA,NA,NA,NA,NA,NA,NA,1024,1024,NA,NA,NA,NA,NA,NA,NA,NA
C279,%279,Constant,NA,NA,NA,NA,NA,NA,NA,NA,NA,NA,NA,NA,NA,NA,NA,NA,NA,NA,NA,NA,NA,NA
C280,%280,Constant,NA,NA,NA,NA,NA,NA,NA,NA,NA,NA,NA,NA,NA,NA,NA,NA,NA,NA,NA,NA,NA,NA
C281,%281,Constant,NA,NA,NA,NA,NA,NA,NA,NA,NA,NA,NA,NA,1024,1024,NA,NA,NA,NA,NA,NA,NA,NA
C282,%282,Constant,NA,NA,NA,NA,NA,NA,NA,NA,NA,NA,NA,NA,NA,NA,NA,NA,NA,NA,NA,NA,NA,NA
C283,%283,Constant,NA,NA,NA,NA,NA,NA,NA,NA,NA,NA,NA,NA,NA,NA,NA,NA,NA,NA,NA,NA,NA,NA
C284,%284,Constant,NA,NA,NA,NA,NA,NA,NA,NA,NA,NA,NA,NA,2048,1024,NA,NA,NA,NA,NA,NA,NA,NA
C285,%285,Constant,NA,NA,NA,NA,NA,NA,NA,NA,NA,NA,NA,NA,NA,NA,NA,NA,NA,NA,NA,NA,NA,NA
C286,%286,Constant,NA,NA,NA,NA,NA,NA,NA,NA,NA,NA,NA,NA,NA,NA,NA,NA,NA,NA,NA,NA,NA,NA
C287,%287,Constant,NA,NA,NA,NA,NA,NA,NA,NA,NA,NA,NA,NA,1024,3072,NA,NA,NA,NA,NA,NA,NA,NA
C288,%288,Constant,NA,NA,NA,NA,NA,NA,NA,NA,NA,NA,NA,NA,NA,NA,NA,NA,NA,NA,NA,NA,NA,NA
C289,%289,Constant,NA,NA,NA,NA,NA,NA,NA,NA,NA,NA,NA,NA,NA,NA,NA,NA,NA,NA,NA,NA,NA,NA
C290,%290,Constant,NA,NA,NA,NA,NA,NA,NA,NA,NA,NA,NA,NA,1024,3072,NA,NA,NA,NA,NA,NA,NA,NA
C291,%291,Constant,NA,NA,NA,NA,NA,NA,NA,NA,NA,NA,NA,NA,NA,NA,NA,NA,NA,NA,NA,NA,NA,NA
C292,%292,Constant,NA,NA,NA,NA,NA,NA,NA,NA,NA,NA,NA,NA,NA,NA,NA,NA,NA,NA,NA,NA,NA,NA
C293,%293,Constant,NA,NA,NA,NA,NA,NA,NA,NA,NA,NA,NA,NA,3072,1024,NA,NA,NA,NA,NA,NA,NA,NA
C294,%294,Constant,NA,NA,NA,NA,NA,NA,NA,NA,NA,NA,NA,NA,NA,NA,NA,NA,NA,NA,NA,NA,NA,NA
C295,%295,Constant,NA,NA,NA,NA,NA,NA,NA,NA,NA,NA,NA,NA,NA,NA,NA,NA,NA,NA,NA,NA,NA,NA
C296,%296,Constant,NA,NA,NA,NA,NA,NA,NA,NA,NA,NA,NA,NA,1024,2048,NA,NA,NA,NA,NA,NA,NA,NA
C297,%297,Constant,NA,NA,NA,NA,NA,NA,NA,NA,NA,NA,NA,NA,NA,NA,NA,NA,NA,NA,NA,NA,NA,NA
C298,%298,Constant,NA,NA,NA,NA,NA,NA,NA,NA,NA,NA,NA,NA,NA,NA,NA,NA,NA,NA,NA,NA,NA,NA
C299,%299,Constant,NA,NA,NA,NA,NA,NA,NA,NA,NA,NA,NA,NA,1024,1024,NA,NA,NA,NA,NA,NA,NA,NA
C300,%300,Constant,NA,NA,NA,NA,NA,NA,NA,NA,NA,NA,NA,NA,NA,NA,NA,NA,NA,NA,NA,NA,NA,NA
C301,%301,Constant,NA,NA,NA,NA,NA,NA,NA,NA,NA,NA,NA,NA,NA,NA,NA,NA,NA,NA,NA,NA,NA,NA
C302,%302,Constant,NA,NA,NA,NA,NA,NA,NA,NA,NA,NA,NA,NA,1024,1024,NA,NA,NA,NA,NA,NA,NA,NA
C303,%303,Constant,NA,NA,NA,NA,NA,NA,NA,NA,NA,NA,NA,NA,NA,NA,NA,NA,NA,NA,NA,NA,NA,NA
C304,%304,Constant,NA,NA,NA,NA,NA,NA,NA,NA,NA,NA,NA,NA,NA,NA,NA,NA,NA,NA,NA,NA,NA,NA
C305,%305,Constant,NA,NA,NA,NA,NA,NA,NA,NA,NA,NA,NA,NA,2048,1024,NA,NA,NA,NA,NA,NA,NA,NA
C306,%306,Constant,NA,NA,NA,NA,NA,NA,NA,NA,NA,NA,NA,NA,NA,NA,NA,NA,NA,NA,NA,NA,NA,NA
C307,%307,Constant,NA,NA,NA,NA,NA,NA,NA,NA,NA,NA,NA,NA,NA,NA,NA,NA,NA,NA,NA,NA,NA,NA
C308,%308,Constant,NA,NA,NA,NA,NA,NA,NA,NA,NA,NA,NA,NA,1024,3072,NA,NA,NA,NA,NA,NA,NA,NA
C309,%309,Constant,NA,NA,NA,NA,NA,NA,NA,NA,NA,NA,NA,NA,NA,NA,NA,NA,NA,NA,NA,NA,NA,NA
C310,%310,Constant,NA,NA,NA,NA,NA,NA,NA,NA,NA,NA,NA,NA,NA,NA,NA,NA,NA,NA,NA,NA,NA,NA
C311,%311,Constant,NA,NA,NA,NA,NA,NA,NA,NA,NA,NA,NA,NA,1024,3072,NA,NA,NA,NA,NA,NA,NA,NA
C312,%312,Constant,NA,NA,NA,NA,NA,NA,NA,NA,NA,NA,NA,NA,NA,NA,NA,NA,NA,NA,NA,NA,NA,NA
C313,%313,Constant,NA,NA,NA,NA,NA,NA,NA,NA,NA,NA,NA,NA,NA,NA,NA,NA,NA,NA,NA,NA,NA,NA
C314,%314,Constant,NA,NA,NA,NA,NA,NA,NA,NA,NA,NA,NA,NA,3072,1024,NA,NA,NA,NA,NA,NA,NA,NA
C315,%315,Constant,NA,NA,NA,NA,NA,NA,NA,NA,NA,NA,NA,NA,NA,NA,NA,NA,NA,NA,NA,NA,NA,NA
C316,%316,Constant,NA,NA,NA,NA,NA,NA,NA,NA,NA,NA,NA,NA,NA,NA,NA,NA,NA,NA,NA,NA,NA,NA
C317,%317,Constant,NA,NA,NA,NA,NA,NA,NA,NA,NA,NA,NA,NA,1024,2048,NA,NA,NA,NA,NA,NA,NA,NA
C318,%318,Constant,NA,NA,NA,NA,NA,NA,NA,NA,NA,NA,NA,NA,NA,NA,NA,NA,NA,NA,NA,NA,NA,NA
C319,%319,Constant,NA,NA,NA,NA,NA,NA,NA,NA,NA,NA,NA,NA,NA,NA,NA,NA,NA,NA,NA,NA,NA,NA
C320,%320,Constant,NA,NA,NA,NA,NA,NA,NA,NA,NA,NA,NA,NA,1024,1024,NA,NA,NA,NA,NA,NA,NA,NA
C321,%321,Constant,NA,NA,NA,NA,NA,NA,NA,NA,NA,NA,NA,NA,NA,NA,NA,NA,NA,NA,NA,NA,NA,NA
C322,%322,Constant,NA,NA,NA,NA,NA,NA,NA,NA,NA,NA,NA,NA,NA,NA,NA,NA,NA,NA,NA,NA,NA,NA
C323,%323,Constant,NA,NA,NA,NA,NA,NA,NA,NA,NA,NA,NA,NA,1024,1024,NA,NA,NA,NA,NA,NA,NA,NA
C324,%324,Constant,NA,NA,NA,NA,NA,NA,NA,NA,NA,NA,NA,NA,NA,NA,NA,NA,NA,NA,NA,NA,NA,NA
C325,%325,Constant,NA,NA,NA,NA,NA,NA,NA,NA,NA,NA,NA,NA,NA,NA,NA,NA,NA,NA,NA,NA,NA,NA
C326,%326,Constant,NA,NA,NA,NA,NA,NA,NA,NA,NA,NA,NA,NA,2048,1024,NA,NA,NA,NA,NA,NA,NA,NA
C327,%327,Constant,NA,NA,NA,NA,NA,NA,NA,NA,NA,NA,NA,NA,NA,NA,NA,NA,NA,NA,NA,NA,NA,NA
C328,%328,Constant,NA,NA,NA,NA,NA,NA,NA,NA,NA,NA,NA,NA,NA,NA,NA,NA,NA,NA,NA,NA,NA,NA
C329,%329,Constant,NA,NA,NA,NA,NA,NA,NA,NA,NA,NA,NA,NA,1024,3072,NA,NA,NA,NA,NA,NA,NA,NA
C330,%330,Constant,NA,NA,NA,NA,NA,NA,NA,NA,NA,NA,NA,NA,NA,NA,NA,NA,NA,NA,NA,NA,NA,NA
C331,%331,Constant,NA,NA,NA,NA,NA,NA,NA,NA,NA,NA,NA,NA,NA,NA,NA,NA,NA,NA,NA,NA,NA,NA
C332,%332,Constant,NA,NA,NA,NA,NA,NA,NA,NA,NA,NA,NA,NA,1024,3072,NA,NA,NA,NA,NA,NA,NA,NA
C333,%333,Constant,NA,NA,NA,NA,NA,NA,NA,NA,NA,NA,NA,NA,NA,NA,NA,NA,NA,NA,NA,NA,NA,NA
C334,%334,Constant,NA,NA,NA,NA,NA,NA,NA,NA,NA,NA,NA,NA,NA,NA,NA,NA,NA,NA,NA,NA,NA,NA
C335,%335,Constant,NA,NA,NA,NA,NA,NA,NA,NA,NA,NA,NA,NA,3072,1024,NA,NA,NA,NA,NA,NA,NA,NA
C336,%336,Constant,NA,NA,NA,NA,NA,NA,NA,NA,NA,NA,NA,NA,NA,NA,NA,NA,NA,NA,NA,NA,NA,NA
C337,%337,Constant,NA,NA,NA,NA,NA,NA,NA,NA,NA,NA,NA,NA,NA,NA,NA,NA,NA,NA,NA,NA,NA,NA
C338,%338,Constant,NA,NA,NA,NA,NA,NA,NA,NA,NA,NA,NA,NA,1024,2048,NA,NA,NA,NA,NA,NA,NA,NA
C339,%339,Constant,NA,NA,NA,NA,NA,NA,NA,NA,NA,NA,NA,NA,NA,NA,NA,NA,NA,NA,NA,NA,NA,NA
C340,%340,Constant,NA,NA,NA,NA,NA,NA,NA,NA,NA,NA,NA,NA,NA,NA,NA,NA,NA,NA,NA,NA,NA,NA
C341,%341,Constant,NA,NA,NA,NA,NA,NA,NA,NA,NA,NA,NA,NA,1024,1024,NA,NA,NA,NA,NA,NA,NA,NA
C342,%342,Constant,NA,NA,NA,NA,NA,NA,NA,NA,NA,NA,NA,NA,NA,NA,NA,NA,NA,NA,NA,NA,NA,NA
C343,%343,Constant,NA,NA,NA,NA,NA,NA,NA,NA,NA,NA,NA,NA,NA,NA,NA,NA,NA,NA,NA,NA,NA,NA
C344,%344,Constant,NA,NA,NA,NA,NA,NA,NA,NA,NA,NA,NA,NA,1024,1024,NA,NA,NA,NA,NA,NA,NA,NA
C345,%345,Constant,NA,NA,NA,NA,NA,NA,NA,NA,NA,NA,NA,NA,NA,NA,NA,NA,NA,NA,NA,NA,NA,NA
C346,%346,Constant,NA,NA,NA,NA,NA,NA,NA,NA,NA,NA,NA,NA,NA,NA,NA,NA,NA,NA,NA,NA,NA,NA
C347,%347,Constant,NA,NA,NA,NA,NA,NA,NA,NA,NA,NA,NA,NA,2048,1024,NA,NA,NA,NA,NA,NA,NA,NA
C348,%348,Constant,NA,NA,NA,NA,NA,NA,NA,NA,NA,NA,NA,NA,NA,NA,NA,NA,NA,NA,NA,NA,NA,NA
C349,%349,Constant,NA,NA,NA,NA,NA,NA,NA,NA,NA,NA,NA,NA,NA,NA,NA,NA,NA,NA,NA,NA,NA,NA
C350,%350,Constant,NA,NA,NA,NA,NA,NA,NA,NA,NA,NA,NA,NA,1024,3072,NA,NA,NA,NA,NA,NA,NA,NA
C351,%351,Constant,NA,NA,NA,NA,NA,NA,NA,NA,NA,NA,NA,NA,NA,NA,NA,NA,NA,NA,NA,NA,NA,NA
C352,%352,Constant,NA,NA,NA,NA,NA,NA,NA,NA,NA,NA,NA,NA,NA,NA,NA,NA,NA,NA,NA,NA,NA,NA
C353,%353,Constant,NA,NA,NA,NA,NA,NA,NA,NA,NA,NA,NA,NA,1024,3072,NA,NA,NA,NA,NA,NA,NA,NA
C354,%354,Constant,NA,NA,NA,NA,NA,NA,NA,NA,NA,NA,NA,NA,NA,NA,NA,NA,NA,NA,NA,NA,NA,NA
C355,%355,Constant,NA,NA,NA,NA,NA,NA,NA,NA,NA,NA,NA,NA,NA,NA,NA,NA,NA,NA,NA,NA,NA,NA
C356,%356,Constant,NA,NA,NA,NA,NA,NA,NA,NA,NA,NA,NA,NA,3072,1024,NA,NA,NA,NA,NA,NA,NA,NA
C357,%357,Constant,NA,NA,NA,NA,NA,NA,NA,NA,NA,NA,NA,NA,NA,NA,NA,NA,NA,NA,NA,NA,NA,NA
C358,%358,Constant,NA,NA,NA,NA,NA,NA,NA,NA,NA,NA,NA,NA,NA,NA,NA,NA,NA,NA,NA,NA,NA,NA
C359,%359,Constant,NA,NA,NA,NA,NA,NA,NA,NA,NA,NA,NA,NA,1024,2048,NA,NA,NA,NA,NA,NA,NA,NA
C360,%360,Constant,NA,NA,NA,NA,NA,NA,NA,NA,NA,NA,NA,NA,NA,NA,NA,NA,NA,NA,NA,NA,NA,NA
C361,%361,Constant,NA,NA,NA,NA,NA,NA,NA,NA,NA,NA,NA,NA,NA,NA,NA,NA,NA,NA,NA,NA,NA,NA
C362,%362,Constant,NA,NA,NA,NA,NA,NA,NA,NA,NA,NA,NA,NA,1024,1024,NA,NA,NA,NA,NA,NA,NA,NA
C363,%363,Constant,NA,NA,NA,NA,NA,NA,NA,NA,NA,NA,NA,NA,NA,NA,NA,NA,NA,NA,NA,NA,NA,NA
C364,%364,Constant,NA,NA,NA,NA,NA,NA,NA,NA,NA,NA,NA,NA,NA,NA,NA,NA,NA,NA,NA,NA,NA,NA
C365,%365,Constant,NA,NA,NA,NA,NA,NA,NA,NA,NA,NA,NA,NA,1024,1024,NA,NA,NA,NA,NA,NA,NA,NA
C366,%366,Constant,NA,NA,NA,NA,NA,NA,NA,NA,NA,NA,NA,NA,NA,NA,NA,NA,NA,NA,NA,NA,NA,NA
C367,%367,Constant,NA,NA,NA,NA,NA,NA,NA,NA,NA,NA,NA,NA,NA,NA,NA,NA,NA,NA,NA,NA,NA,NA
C368,%368,Constant,NA,NA,NA,NA,NA,NA,NA,NA,NA,NA,NA,NA,2048,1024,NA,NA,NA,NA,NA,NA,NA,NA
C369,%369,Constant,NA,NA,NA,NA,NA,NA,NA,NA,NA,NA,NA,NA,NA,NA,NA,NA,NA,NA,NA,NA,NA,NA
C370,%370,Constant,NA,NA,NA,NA,NA,NA,NA,NA,NA,NA,NA,NA,NA,NA,NA,NA,NA,NA,NA,NA,NA,NA
C371,%371,Constant,NA,NA,NA,NA,NA,NA,NA,NA,NA,NA,NA,NA,1024,3072,NA,NA,NA,NA,NA,NA,NA,NA
C372,%372,Constant,NA,NA,NA,NA,NA,NA,NA,NA,NA,NA,NA,NA,NA,NA,NA,NA,NA,NA,NA,NA,NA,NA
C373,%373,Constant,NA,NA,NA,NA,NA,NA,NA,NA,NA,NA,NA,NA,NA,NA,NA,NA,NA,NA,NA,NA,NA,NA
C374,%374,Constant,NA,NA,NA,NA,NA,NA,NA,NA,NA,NA,NA,NA,1024,3072,NA,NA,NA,NA,NA,NA,NA,NA
C375,%375,Constant,NA,NA,NA,NA,NA,NA,NA,NA,NA,NA,NA,NA,NA,NA,NA,NA,NA,NA,NA,NA,NA,NA
C376,%376,Constant,NA,NA,NA,NA,NA,NA,NA,NA,NA,NA,NA,NA,NA,NA,NA,NA,NA,NA,NA,NA,NA,NA
C377,%377,Constant,NA,NA,NA,NA,NA,NA,NA,NA,NA,NA,NA,NA,3072,1024,NA,NA,NA,NA,NA,NA,NA,NA
C378,%378,Constant,NA,NA,NA,NA,NA,NA,NA,NA,NA,NA,NA,NA,NA,NA,NA,NA,NA,NA,NA,NA,NA,NA
C379,%379,Constant,NA,NA,NA,NA,NA,NA,NA,NA,NA,NA,NA,NA,NA,NA,NA,NA,NA,NA,NA,NA,NA,NA
C380,%380,Constant,NA,NA,NA,NA,NA,NA,NA,NA,NA,NA,NA,NA,1024,2048,NA,NA,NA,NA,NA,NA,NA,NA
C381,%381,Constant,NA,NA,NA,NA,NA,NA,NA,NA,NA,NA,NA,NA,NA,NA,NA,NA,NA,NA,NA,NA,NA,NA
C382,%382,Constant,NA,NA,NA,NA,NA,NA,NA,NA,NA,NA,NA,NA,NA,NA,NA,NA,NA,NA,NA,NA,NA,NA
C383,%383,Constant,NA,NA,NA,NA,NA,NA,NA,NA,NA,NA,NA,NA,1024,1024,NA,NA,NA,NA,NA,NA,NA,NA
C384,%384,Constant,NA,NA,NA,NA,NA,NA,NA,NA,NA,NA,NA,NA,NA,NA,NA,NA,NA,NA,NA,NA,NA,NA
C385,%385,Constant,NA,NA,NA,NA,NA,NA,NA,NA,NA,NA,NA,NA,NA,NA,NA,NA,NA,NA,NA,NA,NA,NA
C386,%386,Constant,NA,NA,NA,NA,NA,NA,NA,NA,NA,NA,NA,NA,1024,1024,NA,NA,NA,NA,NA,NA,NA,NA
C387,%387,Constant,NA,NA,NA,NA,NA,NA,NA,NA,NA,NA,NA,NA,NA,NA,NA,NA,NA,NA,NA,NA,NA,NA
C388,%388,Constant,NA,NA,NA,NA,NA,NA,NA,NA,NA,NA,NA,NA,NA,NA,NA,NA,NA,NA,NA,NA,NA,NA
C389,%389,Constant,NA,NA,NA,NA,NA,NA,NA,NA,NA,NA,NA,NA,2048,1024,NA,NA,NA,NA,NA,NA,NA,NA
C390,%390,Constant,NA,NA,NA,NA,NA,NA,NA,NA,NA,NA,NA,NA,NA,NA,NA,NA,NA,NA,NA,NA,NA,NA
C391,%391,Constant,NA,NA,NA,NA,NA,NA,NA,NA,NA,NA,NA,NA,NA,NA,NA,NA,NA,NA,NA,NA,NA,NA
C392,%392,Constant,NA,NA,NA,NA,NA,NA,NA,NA,NA,NA,NA,NA,1024,3072,NA,NA,NA,NA,NA,NA,NA,NA
C393,%393,Constant,NA,NA,NA,NA,NA,NA,NA,NA,NA,NA,NA,NA,NA,NA,NA,NA,NA,NA,NA,NA,NA,NA
C394,%394,Constant,NA,NA,NA,NA,NA,NA,NA,NA,NA,NA,NA,NA,NA,NA,NA,NA,NA,NA,NA,NA,NA,NA
C395,%395,Constant,NA,NA,NA,NA,NA,NA,NA,NA,NA,NA,NA,NA,1024,3072,NA,NA,NA,NA,NA,NA,NA,NA
C396,%396,Constant,NA,NA,NA,NA,NA,NA,NA,NA,NA,NA,NA,NA,NA,NA,NA,NA,NA,NA,NA,NA,NA,NA
C397,%397,Constant,NA,NA,NA,NA,NA,NA,NA,NA,NA,NA,NA,NA,NA,NA,NA,NA,NA,NA,NA,NA,NA,NA
C398,%398,Constant,NA,NA,NA,NA,NA,NA,NA,NA,NA,NA,NA,NA,3072,1024,NA,NA,NA,NA,NA,NA,NA,NA
C399,%399,Constant,NA,NA,NA,NA,NA,NA,NA,NA,NA,NA,NA,NA,NA,NA,NA,NA,NA,NA,NA,NA,NA,NA
C400,%400,Constant,NA,NA,NA,NA,NA,NA,NA,NA,NA,NA,NA,NA,NA,NA,NA,NA,NA,NA,NA,NA,NA,NA
C401,%401,Constant,NA,NA,NA,NA,NA,NA,NA,NA,NA,NA,NA,NA,1024,2048,NA,NA,NA,NA,NA,NA,NA,NA
C402,%402,Constant,NA,NA,NA,NA,NA,NA,NA,NA,NA,NA,NA,NA,NA,NA,NA,NA,NA,NA,NA,NA,NA,NA
C403,%403,Constant,NA,NA,NA,NA,NA,NA,NA,NA,NA,NA,NA,NA,NA,NA,NA,NA,NA,NA,NA,NA,NA,NA
C404,%404,Constant,NA,NA,NA,NA,NA,NA,NA,NA,NA,NA,NA,NA,1024,1024,NA,NA,NA,NA,NA,NA,NA,NA
C405,%405,Constant,NA,NA,NA,NA,NA,NA,NA,NA,NA,NA,NA,NA,NA,NA,NA,NA,NA,NA,NA,NA,NA,NA
C406,%406,Constant,NA,NA,NA,NA,NA,NA,NA,NA,NA,NA,NA,NA,NA,NA,NA,NA,NA,NA,NA,NA,NA,NA
C407,%407,Constant,NA,NA,NA,NA,NA,NA,NA,NA,NA,NA,NA,NA,1024,1024,NA,NA,NA,NA,NA,NA,NA,NA
C408,%408,Constant,NA,NA,NA,NA,NA,NA,NA,NA,NA,NA,NA,NA,NA,NA,NA,NA,NA,NA,NA,NA,NA,NA
C409,%409,Constant,NA,NA,NA,NA,NA,NA,NA,NA,NA,NA,NA,NA,NA,NA,NA,NA,NA,NA,NA,NA,NA,NA
C410,%410,Constant,NA,NA,NA,NA,NA,NA,NA,NA,NA,NA,NA,NA,2048,1024,NA,NA,NA,NA,NA,NA,NA,NA
C411,%411,Constant,NA,NA,NA,NA,NA,NA,NA,NA,NA,NA,NA,NA,NA,NA,NA,NA,NA,NA,NA,NA,NA,NA
C412,%412,Constant,NA,NA,NA,NA,NA,NA,NA,NA,NA,NA,NA,NA,NA,NA,NA,NA,NA,NA,NA,NA,NA,NA
C413,%413,Constant,NA,NA,NA,NA,NA,NA,NA,NA,NA,NA,NA,NA,1024,3072,NA,NA,NA,NA,NA,NA,NA,NA
C414,%414,Constant,NA,NA,NA,NA,NA,NA,NA,NA,NA,NA,NA,NA,NA,NA,NA,NA,NA,NA,NA,NA,NA,NA
C415,%415,Constant,NA,NA,NA,NA,NA,NA,NA,NA,NA,NA,NA,NA,NA,NA,NA,NA,NA,NA,NA,NA,NA,NA
C416,%416,Constant,NA,NA,NA,NA,NA,NA,NA,NA,NA,NA,NA,NA,1024,3072,NA,NA,NA,NA,NA,NA,NA,NA
C417,%417,Constant,NA,NA,NA,NA,NA,NA,NA,NA,NA,NA,NA,NA,NA,NA,NA,NA,NA,NA,NA,NA,NA,NA
C418,%418,Constant,NA,NA,NA,NA,NA,NA,NA,NA,NA,NA,NA,NA,NA,NA,NA,NA,NA,NA,NA,NA,NA,NA
C419,%419,Constant,NA,NA,NA,NA,NA,NA,NA,NA,NA,NA,NA,NA,3072,1024,NA,NA,NA,NA,NA,NA,NA,NA
C420,%420,Constant,NA,NA,NA,NA,NA,NA,NA,NA,NA,NA,NA,NA,NA,NA,NA,NA,NA,NA,NA,NA,NA,NA
C421,%421,Constant,NA,NA,NA,NA,NA,NA,NA,NA,NA,NA,NA,NA,NA,NA,NA,NA,NA,NA,NA,NA,NA,NA
C422,%422,Constant,NA,NA,NA,NA,NA,NA,NA,NA,NA,NA,NA,NA,1024,2048,NA,NA,NA,NA,NA,NA,NA,NA
C423,%423,Constant,NA,NA,NA,NA,NA,NA,NA,NA,NA,NA,NA,NA,NA,NA,NA,NA,NA,NA,NA,NA,NA,NA
C424,%424,Constant,NA,NA,NA,NA,NA,NA,NA,NA,NA,NA,NA,NA,NA,NA,NA,NA,NA,NA,NA,NA,NA,NA
C425,%425,Constant,NA,NA,NA,NA,NA,NA,NA,NA,NA,NA,NA,NA,1024,1024,NA,NA,NA,NA,NA,NA,NA,NA
C426,%426,Constant,NA,NA,NA,NA,NA,NA,NA,NA,NA,NA,NA,NA,NA,NA,NA,NA,NA,NA,NA,NA,NA,NA
C427,%427,Constant,NA,NA,NA,NA,NA,NA,NA,NA,NA,NA,NA,NA,NA,NA,NA,NA,NA,NA,NA,NA,NA,NA
C428,%428,Constant,NA,NA,NA,NA,NA,NA,NA,NA,NA,NA,NA,NA,1024,1024,NA,NA,NA,NA,NA,NA,NA,NA
C429,%429,Constant,NA,NA,NA,NA,NA,NA,NA,NA,NA,NA,NA,NA,NA,NA,NA,NA,NA,NA,NA,NA,NA,NA
C430,%430,Constant,NA,NA,NA,NA,NA,NA,NA,NA,NA,NA,NA,NA,NA,NA,NA,NA,NA,NA,NA,NA,NA,NA
C431,%431,Constant,NA,NA,NA,NA,NA,NA,NA,NA,NA,NA,NA,NA,2048,1024,NA,NA,NA,NA,NA,NA,NA,NA
C432,%432,Constant,NA,NA,NA,NA,NA,NA,NA,NA,NA,NA,NA,NA,NA,NA,NA,NA,NA,NA,NA,NA,NA,NA
C433,%433,Constant,NA,NA,NA,NA,NA,NA,NA,NA,NA,NA,NA,NA,NA,NA,NA,NA,NA,NA,NA,NA,NA,NA
C434,%434,Constant,NA,NA,NA,NA,NA,NA,NA,NA,NA,NA,NA,NA,1024,3072,NA,NA,NA,NA,NA,NA,NA,NA
C435,%435,Constant,NA,NA,NA,NA,NA,NA,NA,NA,NA,NA,NA,NA,NA,NA,NA,NA,NA,NA,NA,NA,NA,NA
C436,%436,Constant,NA,NA,NA,NA,NA,NA,NA,NA,NA,NA,NA,NA,NA,NA,NA,NA,NA,NA,NA,NA,NA,NA
C437,%437,Constant,NA,NA,NA,NA,NA,NA,NA,NA,NA,NA,NA,NA,1024,3072,NA,NA,NA,NA,NA,NA,NA,NA
C438,%438,Constant,NA,NA,NA,NA,NA,NA,NA,NA,NA,NA,NA,NA,NA,NA,NA,NA,NA,NA,NA,NA,NA,NA
C439,%439,Constant,NA,NA,NA,NA,NA,NA,NA,NA,NA,NA,NA,NA,NA,NA,NA,NA,NA,NA,NA,NA,NA,NA
C440,%440,Constant,NA,NA,NA,NA,NA,NA,NA,NA,NA,NA,NA,NA,3072,1024,NA,NA,NA,NA,NA,NA,NA,NA
C441,%441,Constant,NA,NA,NA,NA,NA,NA,NA,NA,NA,NA,NA,NA,NA,NA,NA,NA,NA,NA,NA,NA,NA,NA
C442,%442,Constant,NA,NA,NA,NA,NA,NA,NA,NA,NA,NA,NA,NA,NA,NA,NA,NA,NA,NA,NA,NA,NA,NA
C443,%443,Constant,NA,NA,NA,NA,NA,NA,NA,NA,NA,NA,NA,NA,1024,2048,NA,NA,NA,NA,NA,NA,NA,NA
C444,%444,Constant,NA,NA,NA,NA,NA,NA,NA,NA,NA,NA,NA,NA,NA,NA,NA,NA,NA,NA,NA,NA,NA,NA
C445,%445,Constant,NA,NA,NA,NA,NA,NA,NA,NA,NA,NA,NA,NA,NA,NA,NA,NA,NA,NA,NA,NA,NA,NA
C446,%446,Constant,NA,NA,NA,NA,NA,NA,NA,NA,NA,NA,NA,NA,1024,1024,NA,NA,NA,NA,NA,NA,NA,NA
C447,%447,Constant,NA,NA,NA,NA,NA,NA,NA,NA,NA,NA,NA,NA,NA,NA,NA,NA,NA,NA,NA,NA,NA,NA
C448,%448,Constant,NA,NA,NA,NA,NA,NA,NA,NA,NA,NA,NA,NA,NA,NA,NA,NA,NA,NA,NA,NA,NA,NA
C449,%449,Constant,NA,NA,NA,NA,NA,NA,NA,NA,NA,NA,NA,NA,1024,1024,NA,NA,NA,NA,NA,NA,NA,NA
C450,%450,Constant,NA,NA,NA,NA,NA,NA,NA,NA,NA,NA,NA,NA,NA,NA,NA,NA,NA,NA,NA,NA,NA,NA
C451,%451,Constant,NA,NA,NA,NA,NA,NA,NA,NA,NA,NA,NA,NA,NA,NA,NA,NA,NA,NA,NA,NA,NA,NA
C452,%452,Constant,NA,NA,NA,NA,NA,NA,NA,NA,NA,NA,NA,NA,2048,1024,NA,NA,NA,NA,NA,NA,NA,NA
C453,%453,Constant,NA,NA,NA,NA,NA,NA,NA,NA,NA,NA,NA,NA,NA,NA,NA,NA,NA,NA,NA,NA,NA,NA
C454,%454,Constant,NA,NA,NA,NA,NA,NA,NA,NA,NA,NA,NA,NA,NA,NA,NA,NA,NA,NA,NA,NA,NA,NA
C455,%455,Constant,NA,NA,NA,NA,NA,NA,NA,NA,NA,NA,NA,NA,1024,3072,NA,NA,NA,NA,NA,NA,NA,NA
C456,%456,Constant,NA,NA,NA,NA,NA,NA,NA,NA,NA,NA,NA,NA,NA,NA,NA,NA,NA,NA,NA,NA,NA,NA
C457,%457,Constant,NA,NA,NA,NA,NA,NA,NA,NA,NA,NA,NA,NA,NA,NA,NA,NA,NA,NA,NA,NA,NA,NA
C458,%458,Constant,NA,NA,NA,NA,NA,NA,NA,NA,NA,NA,NA,NA,1024,3072,NA,NA,NA,NA,NA,NA,NA,NA
C459,%459,Constant,NA,NA,NA,NA,NA,NA,NA,NA,NA,NA,NA,NA,NA,NA,NA,NA,NA,NA,NA,NA,NA,NA
C460,%460,Constant,NA,NA,NA,NA,NA,NA,NA,NA,NA,NA,NA,NA,NA,NA,NA,NA,NA,NA,NA,NA,NA,NA
C461,%461,Constant,NA,NA,NA,NA,NA,NA,NA,NA,NA,NA,NA,NA,3072,1024,NA,NA,NA,NA,NA,NA,NA,NA
C462,%462,Constant,NA,NA,NA,NA,NA,NA,NA,NA,NA,NA,NA,NA,NA,NA,NA,NA,NA,NA,NA,NA,NA,NA
C463,%463,Constant,NA,NA,NA,NA,NA,NA,NA,NA,NA,NA,NA,NA,NA,NA,NA,NA,NA,NA,NA,NA,NA,NA
C464,%464,Constant,NA,NA,NA,NA,NA,NA,NA,NA,NA,NA,NA,NA,1024,2048,NA,NA,NA,NA,NA,NA,NA,NA
C465,%465,Constant,NA,NA,NA,NA,NA,NA,NA,NA,NA,NA,NA,NA,NA,NA,NA,NA,NA,NA,NA,NA,NA,NA
C466,%466,Constant,NA,NA,NA,NA,NA,NA,NA,NA,NA,NA,NA,NA,NA,NA,NA,NA,NA,NA,NA,NA,NA,NA
C467,%467,Constant,NA,NA,NA,NA,NA,NA,NA,NA,NA,NA,NA,NA,1024,1024,NA,NA,NA,NA,NA,NA,NA,NA
C468,%468,Constant,NA,NA,NA,NA,NA,NA,NA,NA,NA,NA,NA,NA,NA,NA,NA,NA,NA,NA,NA,NA,NA,NA
C469,%469,Constant,NA,NA,NA,NA,NA,NA,NA,NA,NA,NA,NA,NA,NA,NA,NA,NA,NA,NA,NA,NA,NA,NA
C470,%470,Constant,NA,NA,NA,NA,NA,NA,NA,NA,NA,NA,NA,NA,1024,1024,NA,NA,NA,NA,NA,NA,NA,NA
C471,%471,Constant,NA,NA,NA,NA,NA,NA,NA,NA,NA,NA,NA,NA,NA,NA,NA,NA,NA,NA,NA,NA,NA,NA
C472,%472,Constant,NA,NA,NA,NA,NA,NA,NA,NA,NA,NA,NA,NA,NA,NA,NA,NA,NA,NA,NA,NA,NA,NA
C473,%473,Constant,NA,NA,NA,NA,NA,NA,NA,NA,NA,NA,NA,NA,2048,1024,NA,NA,NA,NA,NA,NA,NA,NA
C474,%474,Constant,NA,NA,NA,NA,NA,NA,NA,NA,NA,NA,NA,NA,NA,NA,NA,NA,NA,NA,NA,NA,NA,NA
C475,%475,Constant,NA,NA,NA,NA,NA,NA,NA,NA,NA,NA,NA,NA,NA,NA,NA,NA,NA,NA,NA,NA,NA,NA
C476,%476,Constant,NA,NA,NA,NA,NA,NA,NA,NA,NA,NA,NA,NA,1024,3072,NA,NA,NA,NA,NA,NA,NA,NA
C477,%477,Constant,NA,NA,NA,NA,NA,NA,NA,NA,NA,NA,NA,NA,NA,NA,NA,NA,NA,NA,NA,NA,NA,NA
C478,%478,Constant,NA,NA,NA,NA,NA,NA,NA,NA,NA,NA,NA,NA,NA,NA,NA,NA,NA,NA,NA,NA,NA,NA
C479,%479,Constant,NA,NA,NA,NA,NA,NA,NA,NA,NA,NA,NA,NA,1024,3072,NA,NA,NA,NA,NA,NA,NA,NA
C480,%480,Constant,NA,NA,NA,NA,NA,NA,NA,NA,NA,NA,NA,NA,NA,NA,NA,NA,NA,NA,NA,NA,NA,NA
C481,%481,Constant,NA,NA,NA,NA,NA,NA,NA,NA,NA,NA,NA,NA,NA,NA,NA,NA,NA,NA,NA,NA,NA,NA
C482,%482,Constant,NA,NA,NA,NA,NA,NA,NA,NA,NA,NA,NA,NA,3072,1024,NA,NA,NA,NA,NA,NA,NA,NA
C483,%483,Constant,NA,NA,NA,NA,NA,NA,NA,NA,NA,NA,NA,NA,NA,NA,NA,NA,NA,NA,NA,NA,NA,NA
C484,%484,Constant,NA,NA,NA,NA,NA,NA,NA,NA,NA,NA,NA,NA,NA,NA,NA,NA,NA,NA,NA,NA,NA,NA
C485,%485,Constant,NA,NA,NA,NA,NA,NA,NA,NA,NA,NA,NA,NA,1024,2048,NA,NA,NA,NA,NA,NA,NA,NA
C486,%486,Constant,NA,NA,NA,NA,NA,NA,NA,NA,NA,NA,NA,NA,NA,NA,NA,NA,NA,NA,NA,NA,NA,NA
C487,%487,Constant,NA,NA,NA,NA,NA,NA,NA,NA,NA,NA,NA,NA,NA,NA,NA,NA,NA,NA,NA,NA,NA,NA
C488,%488,Constant,NA,NA,NA,NA,NA,NA,NA,NA,NA,NA,NA,NA,1024,1024,NA,NA,NA,NA,NA,NA,NA,NA
C489,%489,Constant,NA,NA,NA,NA,NA,NA,NA,NA,NA,NA,NA,NA,NA,NA,NA,NA,NA,NA,NA,NA,NA,NA
C490,%490,Constant,NA,NA,NA,NA,NA,NA,NA,NA,NA,NA,NA,NA,NA,NA,NA,NA,NA,NA,NA,NA,NA,NA
C491,%491,Constant,NA,NA,NA,NA,NA,NA,NA,NA,NA,NA,NA,NA,1024,1024,NA,NA,NA,NA,NA,NA,NA,NA
C492,%492,Constant,NA,NA,NA,NA,NA,NA,NA,NA,NA,NA,NA,NA,NA,NA,NA,NA,NA,NA,NA,NA,NA,NA
C493,%493,Constant,NA,NA,NA,NA,NA,NA,NA,NA,NA,NA,NA,NA,NA,NA,NA,NA,NA,NA,NA,NA,NA,NA
C494,%494,Constant,NA,NA,NA,NA,NA,NA,NA,NA,NA,NA,NA,NA,2048,1024,NA,NA,NA,NA,NA,NA,NA,NA
C495,%495,Constant,NA,NA,NA,NA,NA,NA,NA,NA,NA,NA,NA,NA,NA,NA,NA,NA,NA,NA,NA,NA,NA,NA
C496,%496,Constant,NA,NA,NA,NA,NA,NA,NA,NA,NA,NA,NA,NA,NA,NA,NA,NA,NA,NA,NA,NA,NA,NA
C497,%497,Constant,NA,NA,NA,NA,NA,NA,NA,NA,NA,NA,NA,NA,1024,3072,NA,NA,NA,NA,NA,NA,NA,NA
C498,%498,Constant,NA,NA,NA,NA,NA,NA,NA,NA,NA,NA,NA,NA,NA,NA,NA,NA,NA,NA,NA,NA,NA,NA
C499,%499,Constant,NA,NA,NA,NA,NA,NA,NA,NA,NA,NA,NA,NA,NA,NA,NA,NA,NA,NA,NA,NA,NA,NA
C500,%500,Constant,NA,NA,NA,NA,NA,NA,NA,NA,NA,NA,NA,NA,1024,3072,NA,NA,NA,NA,NA,NA,NA,NA
C501,%501,Constant,NA,NA,NA,NA,NA,NA,NA,NA,NA,NA,NA,NA,NA,NA,NA,NA,NA,NA,NA,NA,NA,NA
C502,%502,Constant,NA,NA,NA,NA,NA,NA,NA,NA,NA,NA,NA,NA,NA,NA,NA,NA,NA,NA,NA,NA,NA,NA
C503,%503,Constant,NA,NA,NA,NA,NA,NA,NA,NA,NA,NA,NA,NA,3072,1024,NA,NA,NA,NA,NA,NA,NA,NA
C504,%504,Constant,NA,NA,NA,NA,NA,NA,NA,NA,NA,NA,NA,NA,NA,NA,NA,NA,NA,NA,NA,NA,NA,NA
C505,%505,Constant,NA,NA,NA,NA,NA,NA,NA,NA,NA,NA,NA,NA,NA,NA,NA,NA,NA,NA,NA,NA,NA,NA
C506,%506,Constant,NA,NA,NA,NA,NA,NA,NA,NA,NA,NA,NA,NA,1024,2048,NA,NA,NA,NA,NA,NA,NA,NA
C507,%507,Constant,NA,NA,NA,NA,NA,NA,NA,NA,NA,NA,NA,NA,NA,NA,NA,NA,NA,NA,NA,NA,NA,NA
C508,%508,Constant,NA,NA,NA,NA,NA,NA,NA,NA,NA,NA,NA,NA,NA,NA,NA,NA,NA,NA,NA,NA,NA,NA
C509,%509,Constant,NA,NA,NA,NA,NA,NA,NA,NA,NA,NA,NA,NA,1024,1024,NA,NA,NA,NA,NA,NA,NA,NA
C510,%510,Constant,NA,NA,NA,NA,NA,NA,NA,NA,NA,NA,NA,NA,NA,NA,NA,NA,NA,NA,NA,NA,NA,NA
C511,%511,Constant,NA,NA,NA,NA,NA,NA,NA,NA,NA,NA,NA,NA,NA,NA,NA,NA,NA,NA,NA,NA,NA,NA
C512,%512,Constant,NA,NA,NA,NA,NA,NA,NA,NA,NA,NA,NA,NA,1024,1024,NA,NA,NA,NA,NA,NA,NA,NA
C513,%513,Constant,NA,NA,NA,NA,NA,NA,NA,NA,NA,NA,NA,NA,NA,NA,NA,NA,NA,NA,NA,NA,NA,NA
C514,%514,Constant,NA,NA,NA,NA,NA,NA,NA,NA,NA,NA,NA,NA,NA,NA,NA,NA,NA,NA,NA,NA,NA,NA
C515,%515,Constant,NA,NA,NA,NA,NA,NA,NA,NA,NA,NA,NA,NA,2048,1024,NA,NA,NA,NA,NA,NA,NA,NA
C516,%516,Constant,NA,NA,NA,NA,NA,NA,NA,NA,NA,NA,NA,NA,NA,NA,NA,NA,NA,NA,NA,NA,NA,NA
C517,%517,Constant,NA,NA,NA,NA,NA,NA,NA,NA,NA,NA,NA,NA,NA,NA,NA,NA,NA,NA,NA,NA,NA,NA
C518,%518,Constant,NA,NA,NA,NA,NA,NA,NA,NA,NA,NA,NA,NA,1024,3072,NA,NA,NA,NA,NA,NA,NA,NA
C519,%519,Constant,NA,NA,NA,NA,NA,NA,NA,NA,NA,NA,NA,NA,NA,NA,NA,NA,NA,NA,NA,NA,NA,NA
C520,%520,Constant,NA,NA,NA,NA,NA,NA,NA,NA,NA,NA,NA,NA,NA,NA,NA,NA,NA,NA,NA,NA,NA,NA
C521,%521,Constant,NA,NA,NA,NA,NA,NA,NA,NA,NA,NA,NA,NA,1024,3072,NA,NA,NA,NA,NA,NA,NA,NA
C522,%522,Constant,NA,NA,NA,NA,NA,NA,NA,NA,NA,NA,NA,NA,NA,NA,NA,NA,NA,NA,NA,NA,NA,NA
C523,%523,Constant,NA,NA,NA,NA,NA,NA,NA,NA,NA,NA,NA,NA,NA,NA,NA,NA,NA,NA,NA,NA,NA,NA
C524,%524,Constant,NA,NA,NA,NA,NA,NA,NA,NA,NA,NA,NA,NA,3072,1024,NA,NA,NA,NA,NA,NA,NA,NA
C525,%525,Constant,NA,NA,NA,NA,NA,NA,NA,NA,NA,NA,NA,NA,NA,NA,NA,NA,NA,NA,NA,NA,NA,NA
C526,%526,Constant,NA,NA,NA,NA,NA,NA,NA,NA,NA,NA,NA,NA,NA,NA,NA,NA,NA,NA,NA,NA,NA,NA
C527,%527,Constant,NA,NA,NA,NA,NA,NA,NA,NA,NA,NA,NA,NA,1024,2048,NA,NA,NA,NA,NA,NA,NA,NA
C528,%528,Constant,NA,NA,NA,NA,NA,NA,NA,NA,NA,NA,NA,NA,NA,NA,NA,NA,NA,NA,NA,NA,NA,NA
C529,%529,Constant,NA,NA,NA,NA,NA,NA,NA,NA,NA,NA,NA,NA,NA,NA,NA,NA,NA,NA,NA,NA,NA,NA
C530,%530,Constant,NA,NA,NA,NA,NA,NA,NA,NA,NA,NA,NA,NA,1024,1024,NA,NA,NA,NA,NA,NA,NA,NA
C531,%531,Constant,NA,NA,NA,NA,NA,NA,NA,NA,NA,NA,NA,NA,NA,NA,NA,NA,NA,NA,NA,NA,NA,NA
C532,%532,Constant,NA,NA,NA,NA,NA,NA,NA,NA,NA,NA,NA,NA,NA,NA,NA,NA,NA,NA,NA,NA,NA,NA
C533,%533,Constant,NA,NA,NA,NA,NA,NA,NA,NA,NA,NA,NA,NA,1024,1024,NA,NA,NA,NA,NA,NA,NA,NA
C534,%534,Constant,NA,NA,NA,NA,NA,NA,NA,NA,NA,NA,NA,NA,NA,NA,NA,NA,NA,NA,NA,NA,NA,NA
C535,%535,Constant,NA,NA,NA,NA,NA,NA,NA,NA,NA,NA,NA,NA,NA,NA,NA,NA,NA,NA,NA,NA,NA,NA
C536,%536,Constant,NA,NA,NA,NA,NA,NA,NA,NA,NA,NA,NA,NA,2048,1024,NA,NA,NA,NA,NA,NA,NA,NA
C537,%537,Constant,NA,NA,NA,NA,NA,NA,NA,NA,NA,NA,NA,NA,NA,NA,NA,NA,NA,NA,NA,NA,NA,NA
C538,%538,Constant,NA,NA,NA,NA,NA,NA,NA,NA,NA,NA,NA,NA,NA,NA,NA,NA,NA,NA,NA,NA,NA,NA
C539,%539,Constant,NA,NA,NA,NA,NA,NA,NA,NA,NA,NA,NA,NA,1024,3072,NA,NA,NA,NA,NA,NA,NA,NA
C540,%540,Constant,NA,NA,NA,NA,NA,NA,NA,NA,NA,NA,NA,NA,NA,NA,NA,NA,NA,NA,NA,NA,NA,NA
C541,%541,Constant,NA,NA,NA,NA,NA,NA,NA,NA,NA,NA,NA,NA,NA,NA,NA,NA,NA,NA,NA,NA,NA,NA
C542,%542,Constant,NA,NA,NA,NA,NA,NA,NA,NA,NA,NA,NA,NA,1024,3072,NA,NA,NA,NA,NA,NA,NA,NA
C543,%543,Constant,NA,NA,NA,NA,NA,NA,NA,NA,NA,NA,NA,NA,NA,NA,NA,NA,NA,NA,NA,NA,NA,NA
C544,%544,Constant,NA,NA,NA,NA,NA,NA,NA,NA,NA,NA,NA,NA,NA,NA,NA,NA,NA,NA,NA,NA,NA,NA
C545,%545,Constant,NA,NA,NA,NA,NA,NA,NA,NA,NA,NA,NA,NA,3072,1024,NA,NA,NA,NA,NA,NA,NA,NA
C546,%546,Constant,NA,NA,NA,NA,NA,NA,NA,NA,NA,NA,NA,NA,NA,NA,NA,NA,NA,NA,NA,NA,NA,NA
C547,%547,Constant,NA,NA,NA,NA,NA,NA,NA,NA,NA,NA,NA,NA,NA,NA,NA,NA,NA,NA,NA,NA,NA,NA
C548,%548,Constant,NA,NA,NA,NA,NA,NA,NA,NA,NA,NA,NA,NA,1024,2048,NA,NA,NA,NA,NA,NA,NA,NA
C549,%549,Constant,NA,NA,NA,NA,NA,NA,NA,NA,NA,NA,NA,NA,NA,NA,NA,NA,NA,NA,NA,NA,NA,NA
C550,%550,Constant,NA,NA,NA,NA,NA,NA,NA,NA,NA,NA,NA,NA,NA,NA,NA,NA,NA,NA,NA,NA,NA,NA
C551,%551,Constant,NA,NA,NA,NA,NA,NA,NA,NA,NA,NA,NA,NA,1024,1024,NA,NA,NA,NA,NA,NA,NA,NA
C552,%552,Constant,NA,NA,NA,NA,NA,NA,NA,NA,NA,NA,NA,NA,NA,NA,NA,NA,NA,NA,NA,NA,NA,NA
C553,%553,Constant,NA,NA,NA,NA,NA,NA,NA,NA,NA,NA,NA,NA,NA,NA,NA,NA,NA,NA,NA,NA,NA,NA
C554,%554,Constant,NA,NA,NA,NA,NA,NA,NA,NA,NA,NA,NA,NA,1024,1024,NA,NA,NA,NA,NA,NA,NA,NA
C555,%555,Constant,NA,NA,NA,NA,NA,NA,NA,NA,NA,NA,NA,NA,NA,NA,NA,NA,NA,NA,NA,NA,NA,NA
C556,%556,Constant,NA,NA,NA,NA,NA,NA,NA,NA,NA,NA,NA,NA,NA,NA,NA,NA,NA,NA,NA,NA,NA,NA
C557,%557,Constant,NA,NA,NA,NA,NA,NA,NA,NA,NA,NA,NA,NA,2048,1024,NA,NA,NA,NA,NA,NA,NA,NA
C558,%558,Constant,NA,NA,NA,NA,NA,NA,NA,NA,NA,NA,NA,NA,NA,NA,NA,NA,NA,NA,NA,NA,NA,NA
C559,%559,Constant,NA,NA,NA,NA,NA,NA,NA,NA,NA,NA,NA,NA,NA,NA,NA,NA,NA,NA,NA,NA,NA,NA
C560,%560,Constant,NA,NA,NA,NA,NA,NA,NA,NA,NA,NA,NA,NA,1024,3072,NA,NA,NA,NA,NA,NA,NA,NA
C561,%561,Constant,NA,NA,NA,NA,NA,NA,NA,NA,NA,NA,NA,NA,NA,NA,NA,NA,NA,NA,NA,NA,NA,NA
C562,%562,Constant,NA,NA,NA,NA,NA,NA,NA,NA,NA,NA,NA,NA,NA,NA,NA,NA,NA,NA,NA,NA,NA,NA
C563,%563,Constant,NA,NA,NA,NA,NA,NA,NA,NA,NA,NA,NA,NA,1024,3072,NA,NA,NA,NA,NA,NA,NA,NA
C564,%564,Constant,NA,NA,NA,NA,NA,NA,NA,NA,NA,NA,NA,NA,NA,NA,NA,NA,NA,NA,NA,NA,NA,NA
C565,%565,Constant,NA,NA,NA,NA,NA,NA,NA,NA,NA,NA,NA,NA,NA,NA,NA,NA,NA,NA,NA,NA,NA,NA
C566,%566,Constant,NA,NA,NA,NA,NA,NA,NA,NA,NA,NA,NA,NA,3072,1024,NA,NA,NA,NA,NA,NA,NA,NA
C567,%567,Constant,NA,NA,NA,NA,NA,NA,NA,NA,NA,NA,NA,NA,NA,NA,NA,NA,NA,NA,NA,NA,NA,NA
C568,%568,Constant,NA,NA,NA,NA,NA,NA,NA,NA,NA,NA,NA,NA,NA,NA,NA,NA,NA,NA,NA,NA,NA,NA
C569,%569,Constant,NA,NA,NA,NA,NA,NA,NA,NA,NA,NA,NA,NA,1024,2048,NA,NA,NA,NA,NA,NA,NA,NA
C570,%570,Constant,NA,NA,NA,NA,NA,NA,NA,NA,NA,NA,NA,NA,NA,NA,NA,NA,NA,NA,NA,NA,NA,NA
C571,%571,Constant,NA,NA,NA,NA,NA,NA,NA,NA,NA,NA,NA,NA,NA,NA,NA,NA,NA,NA,NA,NA,NA,NA
C572,%572,Constant,NA,NA,NA,NA,NA,NA,NA,NA,NA,NA,NA,NA,1024,1024,NA,NA,NA,NA,NA,NA,NA,NA
C573,%573,Constant,NA,NA,NA,NA,NA,NA,NA,NA,NA,NA,NA,NA,NA,NA,NA,NA,NA,NA,NA,NA,NA,NA
C574,%574,Constant,NA,NA,NA,NA,NA,NA,NA,NA,NA,NA,NA,NA,NA,NA,NA,NA,NA,NA,NA,NA,NA,NA
C575,%575,Constant,NA,NA,NA,NA,NA,NA,NA,NA,NA,NA,NA,NA,1024,1024,NA,NA,NA,NA,NA,NA,NA,NA
C576,%576,Constant,NA,NA,NA,NA,NA,NA,NA,NA,NA,NA,NA,NA,NA,NA,NA,NA,NA,NA,NA,NA,NA,NA
C577,%577,Constant,NA,NA,NA,NA,NA,NA,NA,NA,NA,NA,NA,NA,NA,NA,NA,NA,NA,NA,NA,NA,NA,NA
C578,%578,Constant,NA,NA,NA,NA,NA,NA,NA,NA,NA,NA,NA,NA,2048,1024,NA,NA,NA,NA,NA,NA,NA,NA
C579,%579,Constant,NA,NA,NA,NA,NA,NA,NA,NA,NA,NA,NA,NA,NA,NA,NA,NA,NA,NA,NA,NA,NA,NA
C580,%580,Constant,NA,NA,NA,NA,NA,NA,NA,NA,NA,NA,NA,NA,NA,NA,NA,NA,NA,NA,NA,NA,NA,NA
C581,%581,Constant,NA,NA,NA,NA,NA,NA,NA,NA,NA,NA,NA,NA,1024,3072,NA,NA,NA,NA,NA,NA,NA,NA
C582,%582,Constant,NA,NA,NA,NA,NA,NA,NA,NA,NA,NA,NA,NA,NA,NA,NA,NA,NA,NA,NA,NA,NA,NA
C583,%583,Constant,NA,NA,NA,NA,NA,NA,NA,NA,NA,NA,NA,NA,NA,NA,NA,NA,NA,NA,NA,NA,NA,NA
C584,%584,Constant,NA,NA,NA,NA,NA,NA,NA,NA,NA,NA,NA,NA,1024,3072,NA,NA,NA,NA,NA,NA,NA,NA
C585,%585,Constant,NA,NA,NA,NA,NA,NA,NA,NA,NA,NA,NA,NA,NA,NA,NA,NA,NA,NA,NA,NA,NA,NA
C586,%586,Constant,NA,NA,NA,NA,NA,NA,NA,NA,NA,NA,NA,NA,NA,NA,NA,NA,NA,NA,NA,NA,NA,NA
C587,%587,Constant,NA,NA,NA,NA,NA,NA,NA,NA,NA,NA,NA,NA,3072,1024,NA,NA,NA,NA,NA,NA,NA,NA
C588,%588,Constant,NA,NA,NA,NA,NA,NA,NA,NA,NA,NA,NA,NA,NA,NA,NA,NA,NA,NA,NA,NA,NA,NA
C589,%589,Constant,NA,NA,NA,NA,NA,NA,NA,NA,NA,NA,NA,NA,NA,NA,NA,NA,NA,NA,NA,NA,NA,NA
C590,%590,Constant,NA,NA,NA,NA,NA,NA,NA,NA,NA,NA,NA,NA,1024,2048,NA,NA,NA,NA,NA,NA,NA,NA
C591,%591,Constant,NA,NA,NA,NA,NA,NA,NA,NA,NA,NA,NA,NA,NA,NA,NA,NA,NA,NA,NA,NA,NA,NA
C592,%592,Constant,NA,NA,NA,NA,NA,NA,NA,NA,NA,NA,NA,NA,NA,NA,NA,NA,NA,NA,NA,NA,NA,NA
C593,%593,Constant,NA,NA,NA,NA,NA,NA,NA,NA,NA,NA,NA,NA,1024,1024,NA,NA,NA,NA,NA,NA,NA,NA
C594,%594,Constant,NA,NA,NA,NA,NA,NA,NA,NA,NA,NA,NA,NA,NA,NA,NA,NA,NA,NA,NA,NA,NA,NA
C595,%595,Constant,NA,NA,NA,NA,NA,NA,NA,NA,NA,NA,NA,NA,NA,NA,NA,NA,NA,NA,NA,NA,NA,NA
C596,%596,Constant,NA,NA,NA,NA,NA,NA,NA,NA,NA,NA,NA,NA,1024,1024,NA,NA,NA,NA,NA,NA,NA,NA
C597,%597,Constant,NA,NA,NA,NA,NA,NA,NA,NA,NA,NA,NA,NA,NA,NA,NA,NA,NA,NA,NA,NA,NA,NA
C598,%598,Constant,NA,NA,NA,NA,NA,NA,NA,NA,NA,NA,NA,NA,NA,NA,NA,NA,NA,NA,NA,NA,NA,NA
C599,%599,Constant,NA,NA,NA,NA,NA,NA,NA,NA,NA,NA,NA,NA,2048,1024,NA,NA,NA,NA,NA,NA,NA,NA
C600,%600,Constant,NA,NA,NA,NA,NA,NA,NA,NA,NA,NA,NA,NA,NA,NA,NA,NA,NA,NA,NA,NA,NA,NA
C601,%601,Constant,NA,NA,NA,NA,NA,NA,NA,NA,NA,NA,NA,NA,NA,NA,NA,NA,NA,NA,NA,NA,NA,NA
C602,%602,Constant,NA,NA,NA,NA,NA,NA,NA,NA,NA,NA,NA,NA,1024,3072,NA,NA,NA,NA,NA,NA,NA,NA
C603,%603,Constant,NA,NA,NA,NA,NA,NA,NA,NA,NA,NA,NA,NA,NA,NA,NA,NA,NA,NA,NA,NA,NA,NA
C604,%604,Constant,NA,NA,NA,NA,NA,NA,NA,NA,NA,NA,NA,NA,NA,NA,NA,NA,NA,NA,NA,NA,NA,NA
C605,%605,Constant,NA,NA,NA,NA,NA,NA,NA,NA,NA,NA,NA,NA,1024,3072,NA,NA,NA,NA,NA,NA,NA,NA
C606,%606,Constant,NA,NA,NA,NA,NA,NA,NA,NA,NA,NA,NA,NA,NA,NA,NA,NA,NA,NA,NA,NA,NA,NA
C607,%607,Constant,NA,NA,NA,NA,NA,NA,NA,NA,NA,NA,NA,NA,NA,NA,NA,NA,NA,NA,NA,NA,NA,NA
C608,%608,Constant,NA,NA,NA,NA,NA,NA,NA,NA,NA,NA,NA,NA,3072,1024,NA,NA,NA,NA,NA,NA,NA,NA
C609,%609,Constant,NA,NA,NA,NA,NA,NA,NA,NA,NA,NA,NA,NA,NA,NA,NA,NA,NA,NA,NA,NA,NA,NA
C610,%610,Constant,NA,NA,NA,NA,NA,NA,NA,NA,NA,NA,NA,NA,NA,NA,NA,NA,NA,NA,NA,NA,NA,NA
C611,%611,Constant,NA,NA,NA,NA,NA,NA,NA,NA,NA,NA,NA,NA,1024,2048,NA,NA,NA,NA,NA,NA,NA,NA
C612,%612,Constant,NA,NA,NA,NA,NA,NA,NA,NA,NA,NA,NA,NA,NA,NA,NA,NA,NA,NA,NA,NA,NA,NA
C613,%613,Constant,NA,NA,NA,NA,NA,NA,NA,NA,NA,NA,NA,NA,NA,NA,NA,NA,NA,NA,NA,NA,NA,NA
C614,%614,Constant,NA,NA,NA,NA,NA,NA,NA,NA,NA,NA,NA,NA,1024,1024,NA,NA,NA,NA,NA,NA,NA,NA
C615,%615,Constant,NA,NA,NA,NA,NA,NA,NA,NA,NA,NA,NA,NA,NA,NA,NA,NA,NA,NA,NA,NA,NA,NA
C616,%616,Constant,NA,NA,NA,NA,NA,NA,NA,NA,NA,NA,NA,NA,NA,NA,NA,NA,NA,NA,NA,NA,NA,NA
C617,%617,Constant,NA,NA,NA,NA,NA,NA,NA,NA,NA,NA,NA,NA,1024,1024,NA,NA,NA,NA,NA,NA,NA,NA
C618,%618,Constant,NA,NA,NA,NA,NA,NA,NA,NA,NA,NA,NA,NA,NA,NA,NA,NA,NA,NA,NA,NA,NA,NA
C619,%619,Constant,NA,NA,NA,NA,NA,NA,NA,NA,NA,NA,NA,NA,NA,NA,NA,NA,NA,NA,NA,NA,NA,NA
C620,%620,Constant,NA,NA,NA,NA,NA,NA,NA,NA,NA,NA,NA,NA,2048,1024,NA,NA,NA,NA,NA,NA,NA,NA
C621,%621,Constant,NA,NA,NA,NA,NA,NA,NA,NA,NA,NA,NA,NA,NA,NA,NA,NA,NA,NA,NA,NA,NA,NA
C622,%622,Constant,NA,NA,NA,NA,NA,NA,NA,NA,NA,NA,NA,NA,NA,NA,NA,NA,NA,NA,NA,NA,NA,NA
C623,%623,Constant,NA,NA,NA,NA,NA,NA,NA,NA,NA,NA,NA,NA,1024,3072,NA,NA,NA,NA,NA,NA,NA,NA
C624,%624,Constant,NA,NA,NA,NA,NA,NA,NA,NA,NA,NA,NA,NA,NA,NA,NA,NA,NA,NA,NA,NA,NA,NA
C625,%625,Constant,NA,NA,NA,NA,NA,NA,NA,NA,NA,NA,NA,NA,NA,NA,NA,NA,NA,NA,NA,NA,NA,NA
C626,%626,Constant,NA,NA,NA,NA,NA,NA,NA,NA,NA,NA,NA,NA,1024,3072,NA,NA,NA,NA,NA,NA,NA,NA
C627,%627,Constant,NA,NA,NA,NA,NA,NA,NA,NA,NA,NA,NA,NA,NA,NA,NA,NA,NA,NA,NA,NA,NA,NA
C628,%628,Constant,NA,NA,NA,NA,NA,NA,NA,NA,NA,NA,NA,NA,NA,NA,NA,NA,NA,NA,NA,NA,NA,NA
C629,%629,Constant,NA,NA,NA,NA,NA,NA,NA,NA,NA,NA,NA,NA,3072,1024,NA,NA,NA,NA,NA,NA,NA,NA
C630,%630,Constant,NA,NA,NA,NA,NA,NA,NA,NA,NA,NA,NA,NA,NA,NA,NA,NA,NA,NA,NA,NA,NA,NA
C631,%631,Constant,NA,NA,NA,NA,NA,NA,NA,NA,NA,NA,NA,NA,NA,NA,NA,NA,NA,NA,NA,NA,NA,NA
C632,%632,Constant,NA,NA,NA,NA,NA,NA,NA,NA,NA,NA,NA,NA,1024,2048,NA,NA,NA,NA,NA,NA,NA,NA
C633,%633,Constant,NA,NA,NA,NA,NA,NA,NA,NA,NA,NA,NA,NA,NA,NA,NA,NA,NA,NA,NA,NA,NA,NA
C634,%634,Constant,NA,NA,NA,NA,NA,NA,NA,NA,NA,NA,NA,NA,NA,NA,NA,NA,NA,NA,NA,NA,NA,NA
C635,%635,Constant,NA,NA,NA,NA,NA,NA,NA,NA,NA,NA,NA,NA,1024,1024,NA,NA,NA,NA,NA,NA,NA,NA
C636,%636,Constant,NA,NA,NA,NA,NA,NA,NA,NA,NA,NA,NA,NA,NA,NA,NA,NA,NA,NA,NA,NA,NA,NA
C637,%637,Constant,NA,NA,NA,NA,NA,NA,NA,NA,NA,NA,NA,NA,NA,NA,NA,NA,NA,NA,NA,NA,NA,NA
C638,%638,Constant,NA,NA,NA,NA,NA,NA,NA,NA,NA,NA,NA,NA,1024,1024,NA,NA,NA,NA,NA,NA,NA,NA
C639,%639,Constant,NA,NA,NA,NA,NA,NA,NA,NA,NA,NA,NA,NA,NA,NA,NA,NA,NA,NA,NA,NA,NA,NA
C640,%640,Constant,NA,NA,NA,NA,NA,NA,NA,NA,NA,NA,NA,NA,NA,NA,NA,NA,NA,NA,NA,NA,NA,NA
C641,%641,Constant,NA,NA,NA,NA,NA,NA,NA,NA,NA,NA,NA,NA,2048,1024,NA,NA,NA,NA,NA,NA,NA,NA
C642,%642,Constant,NA,NA,NA,NA,NA,NA,NA,NA,NA,NA,NA,NA,NA,NA,NA,NA,NA,NA,NA,NA,NA,NA
C643,%643,Constant,NA,NA,NA,NA,NA,NA,NA,NA,NA,NA,NA,NA,NA,NA,NA,NA,NA,NA,NA,NA,NA,NA
C644,%644,Constant,NA,NA,NA,NA,NA,NA,NA,NA,NA,NA,NA,NA,1024,3072,NA,NA,NA,NA,NA,NA,NA,NA
C645,%645,Constant,NA,NA,NA,NA,NA,NA,NA,NA,NA,NA,NA,NA,NA,NA,NA,NA,NA,NA,NA,NA,NA,NA
C646,%646,Constant,NA,NA,NA,NA,NA,NA,NA,NA,NA,NA,NA,NA,NA,NA,NA,NA,NA,NA,NA,NA,NA,NA
C647,%647,Constant,NA,NA,NA,NA,NA,NA,NA,NA,NA,NA,NA,NA,1024,3072,NA,NA,NA,NA,NA,NA,NA,NA
C648,%648,Constant,NA,NA,NA,NA,NA,NA,NA,NA,NA,NA,NA,NA,NA,NA,NA,NA,NA,NA,NA,NA,NA,NA
C649,%649,Constant,NA,NA,NA,NA,NA,NA,NA,NA,NA,NA,NA,NA,NA,NA,NA,NA,NA,NA,NA,NA,NA,NA
C650,%650,Constant,NA,NA,NA,NA,NA,NA,NA,NA,NA,NA,NA,NA,3072,1024,NA,NA,NA,NA,NA,NA,NA,NA
C651,%651,Constant,NA,NA,NA,NA,NA,NA,NA,NA,NA,NA,NA,NA,NA,NA,NA,NA,NA,NA,NA,NA,NA,NA
C652,%652,Constant,NA,NA,NA,NA,NA,NA,NA,NA,NA,NA,NA,NA,NA,NA,NA,NA,NA,NA,NA,NA,NA,NA
C653,%653,Constant,NA,NA,NA,NA,NA,NA,NA,NA,NA,NA,NA,NA,1024,2048,NA,NA,NA,NA,NA,NA,NA,NA
C654,%654,Constant,NA,NA,NA,NA,NA,NA,NA,NA,NA,NA,NA,NA,NA,NA,NA,NA,NA,NA,NA,NA,NA,NA
C655,%655,Constant,NA,NA,NA,NA,NA,NA,NA,NA,NA,NA,NA,NA,NA,NA,NA,NA,NA,NA,NA,NA,NA,NA
C656,%656,Constant,NA,NA,NA,NA,NA,NA,NA,NA,NA,NA,NA,NA,1024,1024,NA,NA,NA,NA,NA,NA,NA,NA
C657,%657,Constant,NA,NA,NA,NA,NA,NA,NA,NA,NA,NA,NA,NA,NA,NA,NA,NA,NA,NA,NA,NA,NA,NA
C658,%658,Constant,NA,NA,NA,NA,NA,NA,NA,NA,NA,NA,NA,NA,NA,NA,NA,NA,NA,NA,NA,NA,NA,NA
C659,%659,Constant,NA,NA,NA,NA,NA,NA,NA,NA,NA,NA,NA,NA,1024,1024,NA,NA,NA,NA,NA,NA,NA,NA
C660,%660,Constant,NA,NA,NA,NA,NA,NA,NA,NA,NA,NA,NA,NA,NA,NA,NA,NA,NA,NA,NA,NA,NA,NA
C661,%661,Constant,NA,NA,NA,NA,NA,NA,NA,NA,NA,NA,NA,NA,NA,NA,NA,NA,NA,NA,NA,NA,NA,NA
C662,%662,Constant,NA,NA,NA,NA,NA,NA,NA,NA,NA,NA,NA,NA,2048,1024,NA,NA,NA,NA,NA,NA,NA,NA
C663,%663,Constant,NA,NA,NA,NA,NA,NA,NA,NA,NA,NA,NA,NA,NA,NA,NA,NA,NA,NA,NA,NA,NA,NA
C664,%664,Constant,NA,NA,NA,NA,NA,NA,NA,NA,NA,NA,NA,NA,NA,NA,NA,NA,NA,NA,NA,NA,NA,NA
C665,%665,Constant,NA,NA,NA,NA,NA,NA,NA,NA,NA,NA,NA,NA,1024,3072,NA,NA,NA,NA,NA,NA,NA,NA
C666,%666,Constant,NA,NA,NA,NA,NA,NA,NA,NA,NA,NA,NA,NA,NA,NA,NA,NA,NA,NA,NA,NA,NA,NA
C667,%667,Constant,NA,NA,NA,NA,NA,NA,NA,NA,NA,NA,NA,NA,NA,NA,NA,NA,NA,NA,NA,NA,NA,NA
C668,%668,Constant,NA,NA,NA,NA,NA,NA,NA,NA,NA,NA,NA,NA,1024,3072,NA,NA,NA,NA,NA,NA,NA,NA
C669,%669,Constant,NA,NA,NA,NA,NA,NA,NA,NA,NA,NA,NA,NA,NA,NA,NA,NA,NA,NA,NA,NA,NA,NA
C670,%670,Constant,NA,NA,NA,NA,NA,NA,NA,NA,NA,NA,NA,NA,NA,NA,NA,NA,NA,NA,NA,NA,NA,NA
C671,%671,Constant,NA,NA,NA,NA,NA,NA,NA,NA,NA,NA,NA,NA,3072,1024,NA,NA,NA,NA,NA,NA,NA,NA
C672,%672,Constant,NA,NA,NA,NA,NA,NA,NA,NA,NA,NA,NA,NA,NA,NA,NA,NA,NA,NA,NA,NA,NA,NA
C673,%673,Constant,NA,NA,NA,NA,NA,NA,NA,NA,NA,NA,NA,NA,NA,NA,NA,NA,NA,NA,NA,NA,NA,NA
C674,%674,Constant,NA,NA,NA,NA,NA,NA,NA,NA,NA,NA,NA,NA,1024,2048,NA,NA,NA,NA,NA,NA,NA,NA
C675,%675,Constant,NA,NA,NA,NA,NA,NA,NA,NA,NA,NA,NA,NA,NA,NA,NA,NA,NA,NA,NA,NA,NA,NA
C676,%676,Constant,NA,NA,NA,NA,NA,NA,NA,NA,NA,NA,NA,NA,NA,NA,NA,NA,NA,NA,NA,NA,NA,NA
C677,%677,Constant,NA,NA,NA,NA,NA,NA,NA,NA,NA,NA,NA,NA,1024,1024,NA,NA,NA,NA,NA,NA,NA,NA
C678,%678,Constant,NA,NA,NA,NA,NA,NA,NA,NA,NA,NA,NA,NA,NA,NA,NA,NA,NA,NA,NA,NA,NA,NA
C679,%679,Constant,NA,NA,NA,NA,NA,NA,NA,NA,NA,NA,NA,NA,NA,NA,NA,NA,NA,NA,NA,NA,NA,NA
C680,%680,Constant,NA,NA,NA,NA,NA,NA,NA,NA,NA,NA,NA,NA,1024,1024,NA,NA,NA,NA,NA,NA,NA,NA
C681,%681,Constant,NA,NA,NA,NA,NA,NA,NA,NA,NA,NA,NA,NA,NA,NA,NA,NA,NA,NA,NA,NA,NA,NA
C682,%682,Constant,NA,NA,NA,NA,NA,NA,NA,NA,NA,NA,NA,NA,NA,NA,NA,NA,NA,NA,NA,NA,NA,NA
C683,%683,Constant,NA,NA,NA,NA,NA,NA,NA,NA,NA,NA,NA,NA,2048,1024,NA,NA,NA,NA,NA,NA,NA,NA
C684,%684,Constant,NA,NA,NA,NA,NA,NA,NA,NA,NA,NA,NA,NA,NA,NA,NA,NA,NA,NA,NA,NA,NA,NA
C685,%685,Constant,NA,NA,NA,NA,NA,NA,NA,NA,NA,NA,NA,NA,NA,NA,NA,NA,NA,NA,NA,NA,NA,NA
C686,%686,Constant,NA,NA,NA,NA,NA,NA,NA,NA,NA,NA,NA,NA,1024,3072,NA,NA,NA,NA,NA,NA,NA,NA
C687,%687,Constant,NA,NA,NA,NA,NA,NA,NA,NA,NA,NA,NA,NA,NA,NA,NA,NA,NA,NA,NA,NA,NA,NA
C688,%688,Constant,NA,NA,NA,NA,NA,NA,NA,NA,NA,NA,NA,NA,NA,NA,NA,NA,NA,NA,NA,NA,NA,NA
C689,%689,Constant,NA,NA,NA,NA,NA,NA,NA,NA,NA,NA,NA,NA,1024,3072,NA,NA,NA,NA,NA,NA,NA,NA
C690,%690,Constant,NA,NA,NA,NA,NA,NA,NA,NA,NA,NA,NA,NA,NA,NA,NA,NA,NA,NA,NA,NA,NA,NA
C691,%691,Constant,NA,NA,NA,NA,NA,NA,NA,NA,NA,NA,NA,NA,NA,NA,NA,NA,NA,NA,NA,NA,NA,NA
C692,%692,Constant,NA,NA,NA,NA,NA,NA,NA,NA,NA,NA,NA,NA,3072,1024,NA,NA,NA,NA,NA,NA,NA,NA
C693,%693,Constant,NA,NA,NA,NA,NA,NA,NA,NA,NA,NA,NA,NA,NA,NA,NA,NA,NA,NA,NA,NA,NA,NA
C694,%694,Constant,NA,NA,NA,NA,NA,NA,NA,NA,NA,NA,NA,NA,NA,NA,NA,NA,NA,NA,NA,NA,NA,NA
C695,%695,Constant,NA,NA,NA,NA,NA,NA,NA,NA,NA,NA,NA,NA,1024,2048,NA,NA,NA,NA,NA,NA,NA,NA
C696,%696,Constant,NA,NA,NA,NA,NA,NA,NA,NA,NA,NA,NA,NA,NA,NA,NA,NA,NA,NA,NA,NA,NA,NA
C697,%697,Constant,NA,NA,NA,NA,NA,NA,NA,NA,NA,NA,NA,NA,NA,NA,NA,NA,NA,NA,NA,NA,NA,NA
C698,%698,Constant,NA,NA,NA,NA,NA,NA,NA,NA,NA,NA,NA,NA,1024,1024,NA,NA,NA,NA,NA,NA,NA,NA
C699,%699,Constant,NA,NA,NA,NA,NA,NA,NA,NA,NA,NA,NA,NA,NA,NA,NA,NA,NA,NA,NA,NA,NA,NA
C700,%700,Constant,NA,NA,NA,NA,NA,NA,NA,NA,NA,NA,NA,NA,NA,NA,NA,NA,NA,NA,NA,NA,NA,NA
C701,%701,Constant,NA,NA,NA,NA,NA,NA,NA,NA,NA,NA,NA,NA,1024,1024,NA,NA,NA,NA,NA,NA,NA,NA
C702,%702,Constant,NA,NA,NA,NA,NA,NA,NA,NA,NA,NA,NA,NA,NA,NA,NA,NA,NA,NA,NA,NA,NA,NA
C703,%703,Constant,NA,NA,NA,NA,NA,NA,NA,NA,NA,NA,NA,NA,NA,NA,NA,NA,NA,NA,NA,NA,NA,NA
C704,%704,Constant,NA,NA,NA,NA,NA,NA,NA,NA,NA,NA,NA,NA,2048,1024,NA,NA,NA,NA,NA,NA,NA,NA
C705,%705,Constant,NA,NA,NA,NA,NA,NA,NA,NA,NA,NA,NA,NA,NA,NA,NA,NA,NA,NA,NA,NA,NA,NA
C706,%706,Constant,NA,NA,NA,NA,NA,NA,NA,NA,NA,NA,NA,NA,NA,NA,NA,NA,NA,NA,NA,NA,NA,NA
C707,%707,Constant,NA,NA,NA,NA,NA,NA,NA,NA,NA,NA,NA,NA,1024,3072,NA,NA,NA,NA,NA,NA,NA,NA
C708,%708,Constant,NA,NA,NA,NA,NA,NA,NA,NA,NA,NA,NA,NA,NA,NA,NA,NA,NA,NA,NA,NA,NA,NA
C709,%709,Constant,NA,NA,NA,NA,NA,NA,NA,NA,NA,NA,NA,NA,NA,NA,NA,NA,NA,NA,NA,NA,NA,NA
C710,%710,Constant,NA,NA,NA,NA,NA,NA,NA,NA,NA,NA,NA,NA,1024,3072,NA,NA,NA,NA,NA,NA,NA,NA
C711,%711,Constant,NA,NA,NA,NA,NA,NA,NA,NA,NA,NA,NA,NA,NA,NA,NA,NA,NA,NA,NA,NA,NA,NA
C712,%712,Constant,NA,NA,NA,NA,NA,NA,NA,NA,NA,NA,NA,NA,NA,NA,NA,NA,NA,NA,NA,NA,NA,NA
C713,%713,Constant,NA,NA,NA,NA,NA,NA,NA,NA,NA,NA,NA,NA,3072,1024,NA,NA,NA,NA,NA,NA,NA,NA
